user_id,course_id,rating
1,14,1.31
1,13,1.33
1,143,2.34
1,104,1.96
1,67,2.62
1,32,1.71
1,131,1.81
1,108,1.54
1,116,1.31
1,46,1.57
1,77,1.65
1,36,1.23
1,59,1.9
1,145,1.54
1,106,1.0
1,127,2.51
1,83,1.05
1,38,1.22
1,109,1.0
1,28,1.0
1,64,1.63
1,97,1.95
1,112,1.78
1,39,1.59
1,42,1.48
1,31,1.01
1,121,1.91
1,56,1.64
1,74,1.51
1,105,1.96
1,119,1.73
1,53,1.31
1,142,1.69
1,5,2.04
1,21,1.49
1,91,1.36
1,107,1.69
1,40,2.21
1,85,1.99
1,49,2.05
1,82,1.77
1,98,1.35
1,147,1.76
1,70,1.0
2,4,1.02
2,26,1.93
2,89,1.0
2,104,2.74
2,7,1.0
2,8,1.96
2,38,1.75
2,13,1.15
2,81,2.59
2,19,2.08
2,98,1.5
2,118,1.63
2,147,1.6
2,143,2.82
2,40,1.51
2,6,1.31
2,49,1.0
2,107,1.17
2,10,1.17
2,53,2.3
2,43,1.21
2,32,1.51
2,106,2.47
2,99,1.38
2,80,1.54
2,139,1.24
2,16,1.0
3,67,2.71
3,127,2.29
3,94,1.23
3,131,1.76
3,35,1.72
3,33,1.7
3,72,1.92
3,2,1.8
3,111,1.19
3,50,1.45
3,91,1.16
3,12,1.15
3,31,1.0
3,102,2.6
3,52,1.0
3,38,1.67
3,39,2.34
3,30,1.25
3,62,1.59
3,110,1.14
3,83,1.79
3,98,1.0
3,43,1.83
3,140,2.99
3,69,2.13
3,49,1.87
3,139,1.01
3,105,2.12
3,101,1.64
3,137,1.27
3,10,1.0
3,129,2.1
3,109,1.85
3,61,1.23
3,19,2.58
3,142,1.36
3,25,1.59
3,44,1.91
3,114,3.05
3,28,1.0
3,82,1.43
3,15,1.48
3,6,1.9
3,104,2.14
3,24,1.09
3,85,2.59
3,3,2.39
3,122,2.19
3,138,2.54
3,132,1.75
4,90,1.98
4,58,2.69
4,85,1.12
4,50,1.71
4,1,1.43
4,131,2.22
4,64,1.41
4,73,1.62
4,14,1.0
4,127,2.25
4,27,1.04
4,63,2.59
4,69,1.57
4,141,1.51
4,33,1.88
4,109,1.97
4,147,2.01
4,82,1.73
4,105,2.38
4,60,1.12
4,114,2.1
4,138,1.27
4,107,1.0
4,142,1.76
4,88,1.0
4,47,1.42
4,108,1.0
4,133,1.0
4,99,1.79
4,35,2.56
4,81,1.21
4,115,1.61
4,25,1.63
4,21,2.26
4,80,1.28
4,68,1.16
4,148,1.97
4,2,2.25
4,37,1.41
4,34,1.0
4,94,1.66
4,13,1.44
4,91,1.64
4,18,1.44
4,123,1.0
4,140,1.83
4,24,2.11
4,72,2.27
4,15,2.34
4,51,1.0
4,11,2.65
4,41,1.53
4,149,1.41
4,8,1.64
5,82,1.78
5,84,1.08
5,94,1.43
5,135,1.01
5,104,1.2
5,146,1.81
5,133,1.0
5,36,1.0
5,41,2.62
5,57,2.58
5,64,1.81
5,91,2.34
5,39,2.34
5,38,1.56
5,62,1.79
5,111,1.78
5,114,2.35
5,147,1.92
5,34,1.53
5,145,1.63
5,98,1.17
5,88,1.0
5,13,1.79
5,136,1.68
5,42,1.44
5,120,1.41
5,5,2.67
5,65,1.0
5,140,2.81
5,61,1.48
5,67,3.16
5,123,1.59
5,130,1.0
5,20,1.67
5,138,2.98
5,72,1.94
5,148,2.31
5,43,1.85
5,50,1.7
5,60,2.12
5,105,2.33
5,144,1.0
5,69,1.59
5,110,1.0
5,100,1.62
5,40,1.03
5,10,1.62
5,127,2.61
5,90,1.63
5,59,1.19
5,122,3.66
5,47,3.15
5,49,1.72
5,132,1.78
5,35,1.41
5,19,1.13
5,116,1.53
5,23,1.0
5,141,2.06
5,106,2.08
5,30,2.47
5,27,1.25
5,96,1.0
5,129,2.86
5,14,1.72
6,22,2.32
6,106,2.01
6,102,2.33
6,58,2.92
6,147,2.54
6,137,1.76
6,50,2.52
6,7,1.0
6,35,1.75
6,81,2.13
6,140,1.88
6,132,1.33
6,49,2.06
6,64,2.16
6,8,1.56
6,80,1.18
6,12,2.32
6,143,1.92
6,36,1.59
6,84,1.0
6,123,1.0
6,71,1.49
6,32,1.72
6,97,1.37
6,16,1.73
6,86,1.53
6,38,2.64
6,108,2.07
6,127,2.76
7,51,2.26
7,17,1.83
7,63,1.8
7,84,1.21
7,29,1.48
7,62,2.05
7,98,1.65
7,89,1.32
7,112,1.12
7,129,1.36
7,64,2.24
7,75,1.12
7,87,1.0
7,15,1.16
7,47,2.44
7,24,2.74
7,59,1.83
7,146,2.52
7,90,1.09
7,103,1.27
7,65,1.25
7,68,1.99
7,108,1.06
7,8,1.94
7,82,1.53
7,83,1.16
7,116,1.78
7,147,1.54
7,121,1.23
7,76,1.16
7,91,2.18
7,128,1.0
7,142,1.21
7,126,1.52
7,25,2.43
7,113,1.72
7,135,2.34
7,107,1.49
8,16,1.0
8,119,2.93
8,142,1.75
8,13,2.19
8,22,1.72
8,146,1.0
8,30,1.67
8,11,1.35
8,143,2.1
8,135,1.93
8,100,1.08
8,83,1.0
8,139,1.75
8,101,1.0
8,128,1.98
8,99,2.98
8,76,1.69
8,58,2.39
8,79,1.76
8,54,2.59
8,67,1.73
8,121,1.0
8,62,2.46
8,5,2.55
8,43,1.56
8,37,1.35
8,42,1.35
8,122,1.11
8,3,2.2
8,26,1.3
8,126,1.89
8,118,1.78
8,127,1.39
8,8,1.81
8,120,1.33
8,109,2.0
8,31,1.0
8,140,2.04
8,60,1.0
8,93,1.0
8,23,1.76
8,84,1.74
8,2,1.6
8,92,1.37
8,105,2.08
8,87,1.32
8,39,2.3
8,144,1.1
8,130,1.2
8,45,1.31
8,75,1.77
8,72,1.95
8,145,1.6
8,57,1.88
8,80,1.56
8,138,1.88
8,27,2.03
8,78,1.5
8,17,2.49
9,78,1.43
9,1,2.16
9,130,1.35
9,54,1.8
9,23,1.68
9,64,1.93
9,69,1.32
9,95,2.17
9,76,1.02
9,6,2.19
9,134,2.88
9,67,2.88
9,12,2.73
9,118,1.33
9,99,2.03
9,97,1.77
9,63,3.01
9,61,1.15
9,7,1.35
9,43,1.81
9,147,2.22
9,62,2.46
9,32,2.82
9,112,1.12
9,37,1.28
9,25,2.29
9,24,2.57
9,114,2.22
9,103,1.74
10,11,1.49
10,48,1.48
10,49,1.57
10,57,1.01
10,105,1.1
10,40,1.0
10,68,2.93
10,97,2.19
10,140,1.51
10,146,1.59
10,23,1.0
10,53,1.02
10,33,1.43
10,30,3.53
10,72,1.67
10,85,1.82
10,65,1.31
10,43,2.86
10,149,1.02
10,137,1.0
10,14,1.0
10,99,1.13
10,106,2.64
10,90,1.0
10,133,1.06
10,13,1.26
10,54,2.38
10,147,1.05
10,24,1.52
10,111,1.13
10,119,2.09
10,103,1.0
10,27,1.04
10,92,2.64
10,130,2.87
10,39,2.62
10,20,1.79
10,123,2.46
10,41,1.13
10,6,1.42
10,127,1.73
11,58,2.12
11,72,1.61
11,114,2.83
11,40,1.72
11,78,2.05
11,50,2.38
11,117,1.21
11,95,1.11
11,3,2.51
11,99,2.81
11,27,1.05
11,108,2.16
11,82,1.53
11,62,1.0
11,103,2.0
11,126,1.45
11,115,2.07
11,79,1.19
11,107,1.0
11,64,2.31
11,118,1.0
11,122,2.52
11,24,2.03
11,38,3.43
11,25,2.03
12,39,1.89
12,107,1.98
12,36,1.99
12,89,1.34
12,96,1.72
12,49,2.27
12,123,1.09
12,134,1.72
12,129,1.35
12,50,1.48
12,110,1.0
12,80,1.43
12,86,2.5
12,70,1.69
12,87,1.0
12,20,2.19
12,61,1.16
12,27,1.89
12,45,2.09
12,19,1.41
12,33,1.19
12,117,1.11
12,78,2.14
12,5,1.38
12,118,1.57
12,138,1.17
12,133,1.3
12,124,1.0
12,149,1.0
12,85,1.87
12,145,2.41
12,142,1.91
12,130,2.0
12,115,1.72
12,136,1.34
12,58,2.61
12,59,1.0
12,92,1.85
12,109,1.34
12,132,1.89
12,106,1.43
12,144,1.62
12,143,1.53
12,10,1.57
12,74,1.81
12,12,2.38
12,75,2.45
12,52,1.0
13,89,1.89
13,120,2.35
13,9,1.25
13,106,2.17
13,115,1.0
13,37,1.37
13,61,1.69
13,24,2.27
13,36,1.74
13,46,1.59
13,50,2.29
13,29,3.36
13,30,2.04
13,138,1.23
13,53,2.23
13,143,2.38
13,63,2.65
13,123,1.63
13,67,3.54
13,35,1.64
13,58,2.46
13,73,2.45
13,93,1.12
13,65,1.01
13,39,1.79
13,78,1.82
13,32,2.79
13,133,1.0
13,114,1.01
13,2,1.0
13,68,2.46
13,146,1.93
13,59,2.3
13,54,1.91
13,91,1.41
13,43,2.1
13,25,2.46
13,145,1.0
13,4,1.16
13,66,1.43
13,141,2.99
13,23,1.67
13,14,1.0
13,122,2.48
13,124,1.0
13,112,1.65
13,11,1.55
13,117,1.4
13,81,2.25
13,22,2.59
13,52,1.44
13,85,2.18
13,62,1.8
13,147,2.15
13,83,1.63
13,70,1.3
14,132,1.0
14,48,1.44
14,146,1.26
14,124,2.41
14,95,2.12
14,62,1.9
14,103,2.18
14,119,1.84
14,149,1.0
14,135,1.75
14,74,1.7
14,104,1.37
14,78,1.81
14,110,1.86
14,121,1.99
14,3,2.48
14,12,1.41
14,53,1.09
14,137,1.79
14,63,2.15
14,131,1.53
14,71,1.97
14,46,1.0
14,134,1.49
14,83,2.33
14,59,1.29
14,6,1.26
15,100,2.31
15,51,2.57
15,31,1.74
15,49,2.0
15,98,1.34
15,112,1.0
15,20,2.77
15,123,1.31
15,103,1.35
15,6,1.79
15,67,1.92
15,52,1.0
15,18,1.26
15,30,2.79
15,5,1.48
15,14,1.38
15,41,1.37
15,77,1.29
15,59,1.42
15,80,1.28
15,32,1.0
15,88,2.54
15,66,2.41
15,55,2.13
15,83,1.01
15,145,2.08
15,47,2.1
15,75,1.84
15,69,1.0
15,108,1.0
15,111,2.33
15,71,2.15
15,128,1.72
15,58,2.98
15,148,1.76
15,57,1.0
15,82,1.0
15,78,1.38
15,68,2.17
16,71,1.31
16,136,2.54
16,70,2.1
16,17,1.37
16,37,1.31
16,64,1.0
16,50,1.0
16,130,2.61
16,100,1.0
16,86,1.4
16,74,2.18
16,62,2.87
16,91,1.85
16,20,1.63
16,27,1.51
16,48,1.28
16,29,1.81
16,3,2.35
16,135,2.18
16,150,1.92
16,75,2.2
16,116,2.05
16,5,1.34
16,67,2.1
16,15,1.37
16,63,1.48
16,147,1.61
16,114,2.23
16,113,2.15
16,90,1.68
16,98,1.42
16,47,1.68
16,78,2.92
16,41,1.0
16,24,1.76
16,85,2.2
16,39,1.71
16,144,1.69
16,68,3.18
16,55,1.0
16,4,1.32
16,127,1.37
16,99,2.32
16,65,1.44
16,38,3.09
16,117,1.27
16,141,1.16
16,57,1.0
16,22,1.28
16,18,1.03
16,1,1.87
17,138,2.64
17,133,1.0
17,11,1.24
17,119,2.32
17,140,2.5
17,99,1.97
17,95,2.35
17,8,1.5
17,131,1.59
17,54,1.0
17,143,1.37
17,149,1.0
17,76,1.68
17,32,1.0
17,78,1.93
17,18,1.0
17,88,1.0
17,68,2.12
17,14,1.65
17,132,1.0
17,112,1.21
17,15,2.49
17,28,1.4
17,66,1.77
17,103,1.66
17,16,1.28
17,122,2.1
17,63,1.31
17,42,1.03
17,89,1.37
17,3,1.97
17,75,1.91
17,129,1.95
17,59,1.11
17,102,2.57
17,39,1.53
17,87,1.45
17,44,1.48
17,30,1.72
17,141,1.78
17,136,1.16
17,58,2.52
17,120,1.28
17,116,1.47
17,49,1.79
17,24,1.76
17,107,1.61
17,83,1.6
17,79,1.11
17,9,1.5
17,90,1.04
17,93,2.07
17,7,1.1
17,61,1.0
17,91,1.92
17,100,1.12
17,125,1.93
17,65,1.0
18,100,2.08
18,84,1.88
18,130,1.8
18,120,1.24
18,99,1.0
18,98,1.0
18,78,1.31
18,68,2.79
18,106,2.51
18,91,2.01
18,71,1.73
18,25,1.89
18,94,1.25
18,52,1.16
18,54,1.99
18,39,2.69
18,142,1.62
18,62,1.0
18,110,1.29
18,79,1.0
18,146,1.88
18,12,2.06
18,8,1.22
18,85,1.18
18,32,2.94
18,119,1.54
18,27,1.6
18,67,2.91
18,104,1.26
18,125,2.03
18,73,1.2
18,87,2.54
18,117,1.31
18,43,2.89
18,114,1.05
18,77,1.89
18,30,2.63
18,141,1.68
18,46,2.8
18,82,1.57
18,53,1.38
18,140,1.25
18,123,2.38
18,80,1.12
18,92,2.87
18,147,1.11
18,136,2.61
18,4,1.0
18,35,1.3
18,20,1.18
18,148,1.6
18,29,2.87
18,26,1.0
18,86,1.21
18,103,1.82
18,14,1.0
18,3,1.48
18,11,1.0
18,49,1.0
18,83,1.0
18,118,1.89
18,47,2.5
18,113,1.28
19,87,1.29
19,46,2.91
19,101,1.32
19,105,1.47
19,76,1.0
19,23,1.21
19,139,1.24
19,20,2.69
19,92,2.37
19,18,1.0
19,6,1.8
19,55,2.02
19,94,1.25
19,75,3.31
19,22,1.07
19,11,1.0
19,91,1.58
19,96,1.0
19,82,2.31
19,40,1.0
19,122,2.1
19,14,1.11
19,97,1.0
19,62,1.81
19,109,1.01
19,10,2.06
19,103,1.47
19,13,1.0
19,107,1.38
19,12,1.75
19,36,1.0
19,124,2.38
19,128,1.97
19,51,2.6
19,77,1.17
19,118,2.95
19,21,1.84
19,110,1.0
19,19,1.25
19,142,1.7
19,95,1.84
19,73,1.53
19,72,1.8
19,32,1.37
19,58,2.72
19,116,1.48
19,81,1.09
20,126,1.0
20,122,1.66
20,30,2.3
20,102,1.85
20,127,1.78
20,125,2.72
20,69,2.03
20,9,1.54
20,139,1.52
20,65,1.45
20,59,1.63
20,115,1.33
20,43,2.36
20,14,1.0
20,112,1.25
20,144,1.66
20,149,1.87
20,138,1.91
20,130,1.56
20,45,1.0
20,82,1.21
20,66,1.03
20,20,2.07
20,91,1.67
20,106,2.45
20,67,2.02
20,88,1.02
20,5,1.23
20,143,1.7
20,47,1.76
20,26,1.06
20,2,2.11
20,129,1.12
20,18,1.0
20,29,1.14
20,71,2.55
20,32,2.0
20,111,1.62
20,11,1.33
20,84,1.65
20,63,1.61
20,73,1.52
20,27,1.49
20,38,1.84
20,12,2.04
20,22,1.15
20,147,1.0
20,46,2.06
21,3,3.03
21,93,1.0
21,69,1.38
21,115,2.17
21,81,1.03
21,11,2.22
21,37,1.47
21,131,2.55
21,5,1.48
21,113,1.19
21,44,1.42
21,71,1.35
21,82,1.0
21,38,2.24
21,98,1.77
21,105,1.27
21,13,1.23
21,56,2.34
21,114,1.87
21,110,1.85
21,85,1.22
21,119,1.45
21,17,2.4
21,18,2.61
21,99,2.2
21,123,2.14
21,27,1.3
21,79,2.7
21,35,2.57
21,97,2.96
21,34,1.03
21,135,1.0
21,36,2.25
21,7,1.66
21,30,2.42
21,95,2.53
21,4,2.2
21,50,2.31
21,10,1.13
21,65,1.0
21,9,2.04
21,116,1.02
22,62,2.54
22,60,1.06
22,6,2.13
22,41,1.31
22,110,1.05
22,57,1.22
22,29,2.37
22,19,1.8
22,18,1.6
22,105,2.2
22,95,2.0
22,80,1.01
22,77,1.0
22,28,1.46
22,11,2.25
22,139,2.99
22,10,1.0
22,67,2.82
22,1,1.72
22,123,1.68
22,7,1.59
22,128,1.07
22,104,1.36
22,39,2.61
22,33,2.02
22,56,1.0
22,129,1.0
22,134,1.75
22,30,1.46
22,55,1.02
22,22,1.7
22,102,1.88
22,54,2.63
22,37,1.4
22,135,2.88
22,120,1.05
22,125,2.38
22,8,1.06
22,140,2.81
23,17,1.0
23,114,2.54
23,80,1.95
23,38,2.18
23,138,3.63
23,51,1.49
23,50,1.96
23,49,1.52
23,126,1.74
23,117,1.52
23,140,3.74
23,40,2.38
23,127,3.42
23,94,1.5
23,53,1.38
23,7,1.0
23,131,2.32
23,42,1.44
23,104,1.28
23,89,1.65
23,2,1.0
23,149,1.16
23,129,1.27
23,78,2.15
23,77,2.2
23,122,2.22
23,26,2.5
23,73,1.69
23,58,2.67
23,75,1.48
23,74,1.91
23,28,1.0
23,148,2.47
23,4,1.63
23,3,1.68
23,64,1.7
23,102,2.2
23,34,2.97
23,85,1.82
23,119,1.92
23,19,2.41
23,106,1.97
23,21,1.35
23,105,1.98
23,128,1.46
24,150,1.0
24,36,1.56
24,22,1.11
24,138,2.1
24,27,2.73
24,129,2.13
24,100,1.0
24,87,1.04
24,116,2.33
24,111,1.05
24,18,1.27
24,141,1.62
24,132,1.33
24,95,2.29
24,80,1.25
24,81,1.63
24,3,1.0
24,75,1.19
24,102,1.85
24,57,1.17
24,72,2.53
24,97,2.09
24,67,2.36
24,145,1.15
24,108,1.0
24,1,1.52
24,5,2.05
24,105,1.43
24,64,2.29
24,124,2.39
24,29,1.66
24,63,1.87
24,114,2.2
24,146,1.32
24,131,1.83
24,73,1.0
24,122,1.85
24,12,1.95
24,86,2.09
24,144,1.09
24,37,2.07
24,17,1.16
24,74,2.48
24,133,1.0
24,46,1.0
24,119,3.54
24,26,1.0
25,19,1.51
25,23,1.0
25,47,2.05
25,3,1.0
25,146,1.12
25,18,2.53
25,59,1.76
25,136,1.45
25,76,1.0
25,131,2.68
25,86,2.91
25,34,1.11
25,121,2.54
25,109,1.88
25,54,1.7
25,9,3.26
25,129,1.84
25,50,3.34
25,21,2.94
25,80,2.18
25,142,2.68
25,66,1.0
25,108,1.1
25,74,1.22
25,139,1.37
25,53,3.36
25,77,1.35
25,127,3.0
25,87,1.19
25,62,1.4
25,83,1.31
25,16,1.58
25,147,3.17
25,140,2.28
25,126,2.83
25,138,1.0
25,26,1.61
25,79,2.62
25,48,1.05
26,59,1.78
26,1,1.53
26,81,3.1
26,101,1.22
26,99,2.99
26,9,2.12
26,100,1.0
26,117,1.35
26,104,1.4
26,97,3.18
26,102,1.09
26,109,1.47
26,106,1.56
26,108,1.44
26,12,1.46
26,52,1.07
26,77,2.01
26,113,1.0
26,47,2.61
26,39,2.03
26,115,2.79
26,38,2.81
26,120,1.7
26,26,2.51
26,57,1.34
26,42,2.3
26,2,1.03
26,31,1.0
26,46,2.24
27,30,1.44
27,21,1.41
27,110,1.0
27,71,1.8
27,7,1.8
27,147,1.46
27,99,1.91
27,126,1.0
27,67,1.8
27,143,1.44
27,32,1.0
27,29,1.0
27,133,1.0
27,134,1.61
27,75,2.25
27,20,1.51
27,49,2.72
27,112,1.11
27,54,1.67
27,9,1.28
27,98,2.14
27,109,1.19
27,66,1.7
27,85,2.12
27,148,1.5
27,38,1.3
27,89,2.05
27,82,1.04
27,130,1.61
27,76,1.04
27,19,1.53
27,103,1.92
27,4,2.32
27,74,1.69
27,86,1.64
27,150,1.0
27,107,1.0
27,125,1.52
28,71,1.77
28,100,1.0
28,73,1.56
28,97,2.42
28,99,1.16
28,106,1.58
28,123,1.56
28,81,1.64
28,28,1.0
28,12,1.37
28,33,1.0
28,119,1.6
28,64,1.63
28,75,2.01
28,149,1.44
28,36,2.17
28,4,1.0
28,17,2.34
28,37,1.82
28,110,2.02
28,117,1.0
28,85,1.45
28,38,1.83
28,79,2.61
28,3,2.16
28,92,1.0
28,122,1.18
28,115,2.22
28,46,1.61
28,95,2.23
28,90,2.5
28,20,1.45
28,101,2.15
28,141,1.21
28,86,2.22
28,98,1.57
28,59,1.88
28,9,2.26
28,54,2.26
28,138,1.26
29,92,3.25
29,84,1.72
29,8,1.28
29,126,1.94
29,15,1.49
29,9,2.38
29,43,3.44
29,73,1.57
29,134,1.0
29,121,1.52
29,34,1.66
29,58,1.43
29,118,1.43
29,82,1.0
29,31,1.0
29,63,1.82
29,146,1.83
29,98,1.45
29,4,1.0
29,105,1.2
29,42,1.76
29,129,1.03
29,60,1.24
29,71,1.56
29,39,2.38
30,133,1.46
30,51,1.38
30,106,2.7
30,100,1.0
30,117,1.56
30,54,2.4
30,9,1.46
30,27,1.0
30,94,1.92
30,118,1.72
30,115,2.2
30,87,1.0
30,16,1.0
30,4,1.0
30,119,1.49
30,81,2.43
30,26,1.27
30,61,1.91
30,139,2.09
30,12,1.95
30,99,1.52
30,90,1.14
30,145,1.69
30,137,1.63
30,5,1.0
30,73,2.5
30,136,2.55
30,64,1.57
30,146,2.27
30,18,2.24
30,77,1.36
30,52,1.0
30,109,1.59
30,25,1.13
30,53,2.42
30,78,1.91
30,140,1.88
30,71,1.0
30,38,2.45
30,128,1.0
30,88,1.0
30,59,1.97
30,82,1.96
30,80,1.83
30,34,1.0
30,7,1.71
30,14,1.0
30,123,1.73
30,50,1.47
30,124,1.78
30,30,2.25
30,95,1.26
30,63,1.87
30,29,1.9
30,126,2.44
30,46,2.39
30,143,1.89
30,84,1.71
30,75,2.09
30,62,1.98
30,57,1.0
30,102,1.32
30,116,1.45
30,39,2.18
30,17,1.93
30,120,1.1
30,60,1.5
30,79,2.3
30,70,1.4
31,108,1.03
31,118,1.29
31,70,1.25
31,74,1.83
31,20,1.78
31,109,1.52
31,149,1.62
31,121,2.11
31,35,1.0
31,96,1.19
31,46,2.1
31,6,1.44
31,29,2.17
31,16,1.26
31,30,2.27
31,124,1.67
31,143,1.72
31,88,1.8
31,75,1.79
31,117,1.69
31,15,2.14
31,67,2.21
31,77,1.08
31,128,1.0
31,126,1.0
31,130,2.09
31,82,1.18
31,134,1.0
31,148,2.73
31,135,1.96
31,79,1.96
31,11,1.46
31,18,1.11
31,73,1.57
31,92,2.29
31,119,1.24
31,64,1.11
31,22,1.17
31,104,1.0
31,86,2.11
31,85,1.24
31,100,1.63
31,106,1.52
31,95,1.7
31,78,2.38
31,4,1.0
31,83,1.98
31,27,1.23
31,42,1.09
31,5,1.72
31,147,1.0
31,150,1.32
31,110,1.51
31,90,1.57
31,122,1.0
31,137,2.39
31,71,1.61
31,107,1.5
31,39,1.71
31,63,1.26
31,51,1.6
31,53,1.95
31,111,1.61
32,42,1.89
32,32,1.31
32,141,1.32
32,59,2.08
32,89,1.99
32,44,1.24
32,106,2.04
32,13,2.41
32,8,1.47
32,113,1.2
32,110,1.56
32,37,1.18
32,53,2.1
32,144,1.39
32,26,2.42
32,64,2.01
32,40,1.01
32,98,1.32
32,104,1.24
32,79,1.64
32,92,1.22
32,65,1.22
32,115,1.73
32,5,1.64
32,46,1.04
32,102,2.85
32,49,2.32
32,9,1.12
32,52,1.0
32,107,1.7
32,17,1.91
32,109,1.16
32,118,2.29
32,95,2.79
32,34,1.71
32,130,1.0
32,30,1.83
33,37,1.63
33,76,1.39
33,126,1.86
33,59,2.89
33,11,1.28
33,45,1.0
33,130,1.77
33,68,2.0
33,100,1.39
33,145,1.55
33,46,1.98
33,113,1.0
33,4,1.07
33,17,1.24
33,26,1.8
33,48,1.67
33,62,1.79
33,70,1.38
33,38,3.02
33,12,1.85
33,99,2.59
33,5,1.69
33,120,1.63
33,140,1.78
33,104,2.67
33,85,2.01
33,97,1.63
33,96,1.0
33,141,2.2
33,146,2.29
33,64,2.36
33,90,1.0
33,119,1.58
33,1,1.54
33,77,1.65
33,105,1.22
33,58,1.64
33,29,2.25
33,82,1.91
33,137,1.86
33,135,1.71
34,138,2.1
34,56,1.13
34,92,1.06
34,37,1.15
34,67,1.16
34,30,3.34
34,81,1.31
34,89,1.0
34,47,2.36
34,36,1.26
34,22,1.0
34,21,2.3
34,107,1.14
34,18,1.43
34,150,1.16
34,35,2.84
34,135,1.41
34,93,2.12
34,108,1.03
34,85,2.23
34,24,3.66
34,127,1.5
34,124,1.16
34,49,1.0
34,116,1.86
34,82,2.52
34,122,2.85
34,9,2.36
34,132,2.41
34,144,1.33
34,112,1.74
34,98,1.35
34,86,1.93
34,128,1.0
34,101,1.55
34,39,1.41
34,146,1.05
34,87,1.0
34,79,1.23
34,57,1.26
34,103,1.81
34,63,1.13
34,141,2.27
34,143,2.01
34,117,1.7
34,32,1.0
34,5,1.3
34,123,1.55
34,73,2.12
34,53,2.49
34,130,1.0
34,68,1.07
34,80,1.0
34,126,1.66
34,142,2.91
34,45,1.54
34,110,1.96
34,40,1.92
34,91,2.43
34,118,1.74
34,133,1.0
34,66,1.4
34,54,1.8
34,29,1.47
34,15,1.51
35,102,1.39
35,136,1.17
35,83,1.0
35,104,2.55
35,11,1.33
35,143,1.82
35,49,2.49
35,55,2.52
35,36,1.18
35,12,2.11
35,119,1.62
35,39,1.49
35,46,2.06
35,29,1.15
35,146,2.05
35,118,2.7
35,140,1.7
35,130,1.92
35,137,1.46
35,73,1.48
35,27,1.89
35,51,2.32
35,47,1.6
35,109,1.26
35,4,1.23
35,21,1.18
36,114,2.15
36,126,1.47
36,143,2.11
36,93,1.05
36,81,1.11
36,67,3.25
36,113,1.78
36,140,1.8
36,98,1.39
36,39,3.13
36,5,2.12
36,102,1.73
36,135,2.56
36,13,1.22
36,64,1.0
36,141,1.67
36,80,1.67
36,38,1.31
36,57,1.39
36,66,1.0
36,21,1.06
36,107,1.8
36,96,1.71
36,105,2.48
36,100,1.5
36,30,2.07
36,29,2.37
36,19,2.79
36,118,1.69
36,108,1.21
36,127,1.8
36,23,1.37
36,101,1.63
36,122,2.71
36,51,2.12
36,16,1.64
36,15,1.06
36,136,2.81
36,59,1.59
36,82,1.64
36,121,1.13
36,104,1.14
36,12,1.5
36,73,2.01
37,54,2.32
37,55,1.81
37,142,1.35
37,36,1.53
37,12,1.0
37,60,2.5
37,25,1.0
37,23,1.02
37,66,2.38
37,53,1.52
37,16,1.0
37,89,1.64
37,75,1.49
37,15,2.23
37,125,2.94
37,49,2.06
37,143,1.73
37,137,1.07
37,68,3.02
37,39,2.34
37,123,1.94
37,62,1.77
37,29,2.7
37,83,1.27
37,74,3.0
37,124,2.81
37,109,1.72
37,128,1.45
37,110,1.01
37,95,2.1
37,148,1.35
37,116,3.29
37,85,2.63
37,44,1.0
37,127,1.73
37,3,1.46
37,38,1.38
37,65,1.0
37,86,1.3
37,88,1.0
37,27,2.18
37,18,1.25
38,140,2.21
38,33,1.0
38,20,1.34
38,127,2.75
38,70,1.0
38,136,2.02
38,49,1.97
38,100,1.45
38,30,2.14
38,123,1.91
38,101,1.2
38,125,2.39
38,29,2.26
38,67,2.82
38,24,1.67
38,145,1.14
38,12,1.51
38,138,1.98
38,47,1.24
38,94,1.4
38,45,1.0
38,104,1.91
38,32,1.64
38,69,1.42
38,82,1.0
38,54,1.92
38,40,1.82
38,25,2.17
38,112,1.26
38,46,2.88
38,58,2.11
38,75,1.56
38,113,1.0
39,11,1.46
39,132,1.19
39,18,1.43
39,7,1.0
39,107,2.32
39,125,1.31
39,77,1.87
39,81,2.44
39,52,1.74
39,35,2.04
39,111,2.07
39,49,1.84
39,42,1.0
39,41,1.0
39,8,2.36
39,43,2.18
39,5,1.03
39,116,1.58
39,38,1.58
39,103,2.29
39,124,2.19
39,144,1.51
39,58,1.0
39,12,1.49
39,4,1.0
39,32,1.51
39,9,2.53
39,135,2.23
39,2,1.18
39,74,2.26
39,65,1.51
39,98,1.88
39,45,2.14
39,130,1.72
39,109,2.1
39,67,1.74
39,56,1.29
39,120,1.34
39,63,2.05
39,53,1.1
39,21,1.34
39,127,1.0
39,118,2.05
39,93,1.59
39,17,2.06
39,104,1.32
39,78,2.8
39,143,1.0
39,14,1.53
39,6,1.51
39,24,2.34
39,105,1.12
39,64,2.25
39,3,1.49
39,149,1.45
39,85,2.27
39,68,2.07
39,84,1.6
39,76,1.18
39,95,1.11
39,137,1.35
39,55,1.47
39,80,1.0
39,1,1.0
39,134,1.0
39,50,1.44
40,105,2.13
40,88,1.21
40,78,1.34
40,119,2.18
40,54,1.61
40,62,2.01
40,131,2.27
40,147,1.71
40,121,2.48
40,36,1.36
40,20,1.92
40,35,1.8
40,68,2.04
40,39,2.4
40,136,1.69
40,106,1.18
40,67,1.54
40,44,1.47
40,74,1.8
40,114,1.47
40,15,2.15
40,129,1.83
40,22,1.13
40,43,1.65
40,150,1.63
40,33,1.23
40,18,1.31
40,102,1.26
40,63,1.27
40,16,1.0
40,1,1.39
40,11,1.53
41,91,2.41
41,27,1.0
41,53,1.93
41,51,1.2
41,125,2.57
41,66,1.0
41,80,1.0
41,86,1.12
41,31,1.55
41,92,2.05
41,50,1.0
41,100,2.69
41,23,1.1
41,149,1.53
41,115,2.11
41,65,1.0
41,45,1.37
41,59,1.57
41,109,2.67
41,106,1.0
41,134,1.12
41,71,2.63
41,102,2.27
41,69,2.32
41,98,1.67
41,72,1.86
41,116,1.56
41,2,1.85
41,32,1.43
41,44,1.28
41,142,1.54
41,77,1.86
41,47,2.94
42,46,1.46
42,120,2.91
42,123,3.34
42,42,3.31
42,110,3.61
42,90,3.15
42,146,1.13
42,11,3.44
42,87,1.0
42,93,1.4
42,5,1.75
42,6,1.8
42,63,1.43
42,103,1.0
42,105,1.21
42,24,3.37
42,53,1.25
42,143,3.69
42,12,1.53
42,132,1.0
42,118,4.01
42,49,1.73
42,109,1.0
42,56,2.76
42,148,2.04
42,131,1.91
42,41,1.52
42,17,3.59
42,112,3.48
42,95,3.49
42,98,3.17
42,45,1.34
42,68,1.58
42,8,3.11
42,139,1.54
42,3,3.97
42,78,1.36
42,101,1.09
42,2,1.48
42,30,2.93
42,50,1.0
42,66,2.02
42,43,3.09
42,88,1.3
42,1,1.0
42,44,1.61
42,140,1.79
42,70,1.07
42,89,1.0
42,102,1.34
42,97,3.43
42,4,1.27
43,138,1.0
43,130,2.27
43,97,1.96
43,80,1.55
43,69,1.86
43,74,1.28
43,118,3.0
43,76,1.27
43,27,1.23
43,9,2.33
43,20,2.89
43,42,1.0
43,57,1.0
43,136,2.28
43,39,1.7
43,51,2.17
43,37,1.0
43,81,2.03
43,93,1.0
43,79,1.61
43,145,2.36
43,149,1.72
43,128,1.87
43,122,1.63
43,86,2.22
43,55,2.21
43,119,1.84
43,26,1.56
43,36,1.0
43,8,2.61
43,91,1.0
43,106,2.59
43,1,1.0
43,75,2.64
43,58,2.64
43,120,1.26
43,94,1.44
43,88,2.03
43,127,1.46
43,50,1.57
43,61,2.0
43,148,2.54
43,19,1.63
43,121,1.33
43,3,1.45
43,22,1.63
43,89,1.0
43,25,1.62
43,54,1.66
43,43,1.25
43,143,1.38
43,17,1.53
43,66,1.7
43,68,1.0
43,46,2.38
43,110,1.29
43,100,1.73
43,124,1.84
43,64,2.36
44,141,1.0
44,48,1.56
44,18,1.24
44,37,1.54
44,12,1.0
44,71,1.33
44,38,2.1
44,135,1.0
44,77,1.9
44,36,2.02
44,68,1.26
44,31,1.96
44,28,1.22
44,46,1.98
44,30,1.18
44,140,2.23
44,99,2.97
44,139,2.55
44,129,1.3
44,54,2.36
44,23,1.96
44,121,1.59
44,9,1.78
44,65,1.46
44,123,1.41
45,92,1.76
45,140,1.38
45,69,2.26
45,49,1.0
45,74,1.36
45,25,2.72
45,94,1.0
45,117,1.0
45,24,3.5
45,44,1.0
45,133,1.0
45,73,2.4
45,78,1.1
45,108,1.18
45,86,1.38
45,12,3.24
45,122,2.13
45,141,3.32
45,19,1.68
45,104,2.41
45,91,2.43
45,53,2.22
45,80,1.07
45,22,1.3
45,14,2.23
45,63,2.46
45,82,2.59
45,51,1.0
45,55,1.52
45,111,2.66
45,46,1.0
45,145,1.0
45,99,1.0
45,105,1.25
45,10,1.0
45,149,1.52
45,148,1.41
45,20,1.0
45,58,1.85
45,137,1.4
45,134,1.89
45,47,2.71
45,102,2.28
45,135,1.4
45,118,1.37
45,97,1.17
45,27,1.4
45,13,1.39
45,95,1.67
45,72,1.81
45,35,2.73
45,41,1.37
45,71,2.3
45,59,2.45
46,134,1.0
46,122,1.4
46,77,1.72
46,104,2.29
46,14,2.42
46,126,1.67
46,105,1.48
46,16,1.97
46,146,2.19
46,5,1.23
46,92,1.9
46,24,2.19
46,106,1.76
46,12,2.47
46,69,1.18
46,149,1.42
46,42,1.3
46,91,2.7
46,76,1.16
46,125,1.26
46,43,1.8
46,82,1.8
46,142,2.41
46,49,1.78
46,65,2.57
46,132,2.41
46,56,1.08
46,46,1.42
46,120,1.86
46,141,2.35
46,93,1.51
46,58,2.11
46,3,1.69
46,21,2.01
46,96,1.03
46,20,2.02
46,13,1.81
46,36,1.14
46,37,1.8
46,80,1.49
46,111,2.37
46,127,1.0
46,136,1.16
46,89,1.44
46,61,1.0
46,51,1.25
46,25,2.23
46,115,1.76
46,8,1.7
46,97,1.74
46,124,1.49
46,71,2.28
46,10,1.64
46,64,1.29
47,43,2.31
47,22,1.26
47,114,1.51
47,71,1.36
47,140,1.18
47,106,3.3
47,83,2.5
47,105,1.22
47,7,1.0
47,142,1.51
47,143,2.42
47,99,2.41
47,30,1.28
47,85,1.89
47,119,1.53
47,139,2.51
47,55,1.0
47,107,2.06
47,110,1.47
47,32,1.64
47,104,1.63
47,118,1.37
47,150,1.0
47,6,2.24
47,24,1.0
47,26,1.0
47,73,1.31
47,135,3.61
47,72,1.0
47,63,1.47
47,52,1.0
47,130,2.09
47,58,1.46
47,137,2.95
47,78,3.41
47,29,3.19
47,62,1.5
47,131,1.88
47,75,1.06
47,128,1.0
47,68,2.46
47,64,1.8
47,12,1.17
47,54,2.11
47,61,1.26
47,21,1.27
47,89,1.39
48,129,1.76
48,115,1.9
48,40,1.68
48,68,2.82
48,114,2.48
48,51,1.01
48,85,3.03
48,62,2.18
48,30,1.74
48,87,1.21
48,111,1.59
48,58,1.63
48,78,2.53
48,6,1.39
48,10,1.74
48,35,1.38
48,13,1.68
48,88,1.37
48,99,1.94
48,116,1.96
48,95,2.3
48,64,1.12
48,139,2.31
48,106,1.72
48,79,1.0
48,32,1.42
48,89,2.38
48,102,1.3
48,121,1.03
48,137,1.87
48,143,1.19
48,92,1.54
49,122,1.03
49,69,1.7
49,44,1.15
49,126,1.0
49,103,1.38
49,105,1.01
49,79,1.17
49,133,1.41
49,35,1.08
49,63,2.07
49,119,2.04
49,20,2.14
49,57,1.0
49,19,1.64
49,11,1.0
49,127,1.68
49,117,1.5
49,46,1.36
49,17,1.0
49,38,1.25
49,33,2.34
49,109,2.38
49,5,1.38
49,89,1.53
49,98,1.0
49,85,2.49
49,146,1.61
49,72,1.54
49,130,1.7
49,97,1.37
49,12,1.85
49,87,1.02
49,28,1.3
49,68,2.03
49,134,2.13
49,1,1.45
49,40,1.45
49,74,1.93
49,124,1.77
49,96,1.34
49,140,1.48
49,70,1.51
49,61,1.3
49,37,1.37
49,34,1.59
49,110,1.21
50,30,1.32
50,13,1.73
50,63,1.92
50,82,1.0
50,61,1.7
50,99,2.74
50,79,2.14
50,142,2.19
50,66,1.27
50,48,1.42
50,95,1.53
50,40,1.51
50,43,1.6
50,54,1.34
50,115,2.56
50,56,1.04
50,68,1.36
50,57,1.64
50,149,1.9
50,74,1.6
50,107,2.19
50,139,1.0
50,39,1.22
50,96,1.63
50,64,1.87
50,148,1.94
50,45,1.17
50,23,1.0
50,27,1.09
50,116,1.78
50,100,1.0
50,52,1.43
50,9,2.23
50,118,1.89
50,101,1.37
50,134,1.36
50,119,2.24
50,59,1.59
50,145,1.66
50,102,1.76
50,62,1.2
50,113,1.92
50,136,2.47
50,137,1.79
50,20,1.86
50,26,1.46
50,117,1.39
50,97,2.02
50,46,1.24
50,130,1.0
50,108,1.5
50,22,1.4
51,69,1.94
51,9,3.27
51,107,2.52
51,65,1.47
51,136,2.12
51,43,1.0
51,141,1.47
51,20,2.03
51,92,2.6
51,47,2.52
51,27,2.02
51,13,1.11
51,102,2.55
51,36,1.53
51,87,1.0
51,148,2.58
51,48,1.07
51,8,1.9
51,17,1.78
51,71,2.42
51,113,1.0
51,46,1.64
51,99,1.52
51,142,2.39
51,78,1.54
51,123,1.53
51,109,1.77
51,116,1.22
51,118,1.15
51,83,2.13
52,41,2.15
52,129,2.11
52,119,2.54
52,149,1.25
52,52,1.54
52,141,1.25
52,57,2.2
52,113,1.0
52,131,2.44
52,32,1.68
52,38,1.12
52,89,1.15
52,127,2.53
52,15,1.39
52,128,1.0
52,65,1.22
52,56,1.76
52,137,1.0
52,25,1.35
52,88,1.41
52,28,1.0
52,139,1.59
52,122,2.07
52,40,1.09
52,49,1.0
52,61,1.27
52,124,2.02
52,86,1.47
52,67,3.0
52,114,2.48
52,71,1.58
52,20,1.28
52,17,1.12
53,22,1.74
53,96,1.28
53,30,2.34
53,141,2.24
53,140,1.12
53,142,2.5
53,42,1.54
53,109,1.42
53,100,2.11
53,8,1.93
53,37,1.37
53,53,2.06
53,127,1.54
53,79,1.62
53,28,1.56
53,39,1.61
53,12,2.54
53,97,1.95
53,126,1.41
53,132,2.58
53,24,3.01
53,112,1.87
53,21,2.49
53,77,2.29
53,10,1.0
53,38,2.35
53,20,1.96
53,41,1.65
53,74,1.38
53,150,1.59
53,85,1.86
53,60,1.0
53,25,2.14
53,81,1.0
53,63,1.33
53,121,1.26
53,9,1.52
53,93,3.05
53,108,1.86
53,146,1.03
53,27,1.43
53,45,1.43
53,139,1.23
53,98,1.45
53,6,1.55
53,14,1.7
53,119,1.2
53,89,1.33
54,75,2.07
54,44,1.0
54,45,1.0
54,137,1.08
54,22,1.4
54,139,1.9
54,123,1.29
54,94,1.12
54,83,1.17
54,136,1.22
54,27,1.91
54,30,1.8
54,141,1.43
54,13,1.8
54,8,2.34
54,10,1.53
54,88,1.19
54,82,1.85
54,85,3.17
54,69,1.46
54,109,1.57
54,149,1.98
54,43,1.61
54,50,1.89
54,113,1.12
54,56,1.04
54,99,1.96
54,66,1.44
54,92,1.17
55,6,1.47
55,12,1.83
55,99,1.94
55,73,2.35
55,22,1.78
55,120,2.28
55,30,1.76
55,13,2.19
55,111,1.8
55,89,1.09
55,55,1.64
55,101,1.72
55,139,1.17
55,92,1.15
55,68,1.21
55,60,1.0
55,54,2.21
55,26,1.8
55,53,1.27
55,134,1.62
55,49,2.08
55,126,1.98
55,79,1.94
55,103,1.46
55,117,1.0
55,70,1.67
55,83,1.0
55,85,1.92
55,113,1.42
55,56,1.27
55,64,1.21
55,148,1.0
55,38,2.56
55,33,1.23
55,25,2.28
55,100,1.91
55,63,2.2
55,29,1.62
55,135,1.16
55,62,2.25
55,17,2.02
55,9,2.05
55,52,1.69
55,74,1.11
55,39,2.28
55,50,1.36
55,1,1.4
55,18,2.29
55,19,1.8
55,114,1.98
55,143,2.03
56,133,1.51
56,125,1.79
56,58,1.91
56,107,1.82
56,77,1.25
56,116,1.8
56,63,1.81
56,83,1.4
56,9,1.2
56,28,1.0
56,119,1.57
56,62,3.05
56,6,1.75
56,26,2.05
56,66,1.37
56,111,1.22
56,60,1.0
56,115,2.23
56,132,1.9
56,56,1.89
56,121,1.49
56,20,1.92
56,67,1.27
56,15,1.64
56,8,2.47
56,10,1.95
56,17,1.69
56,126,1.17
56,84,1.79
56,143,1.91
56,99,2.02
56,29,2.23
56,140,1.54
56,141,1.28
56,30,1.58
56,97,2.12
56,100,1.9
56,87,1.29
56,102,1.57
56,57,1.0
56,80,1.09
56,19,1.56
56,18,1.25
56,32,1.66
56,49,1.7
56,109,2.13
56,2,1.27
56,64,2.09
56,5,1.27
56,145,1.66
56,24,1.22
56,79,1.83
56,39,1.67
56,117,1.86
56,122,1.84
56,73,1.66
56,105,1.41
56,137,1.3
56,128,1.03
56,74,2.58
56,75,1.59
56,136,2.66
57,88,1.08
57,54,1.66
57,95,1.98
57,83,1.21
57,26,1.34
57,112,1.0
57,69,1.31
57,102,1.57
57,98,1.0
57,115,1.43
57,30,1.45
57,16,1.82
57,101,1.23
57,35,2.58
57,17,1.0
57,20,2.12
57,49,1.43
57,149,1.3
57,22,1.0
57,46,1.11
57,139,1.85
57,145,1.67
57,133,1.21
57,116,1.76
57,3,1.08
57,62,2.48
57,36,1.61
57,106,1.97
57,71,1.52
57,105,1.49
57,8,1.31
57,136,1.67
57,59,1.42
57,24,1.57
57,37,1.53
58,136,1.58
58,145,2.16
58,93,1.0
58,35,1.09
58,142,1.85
58,30,1.58
58,26,2.21
58,49,2.26
58,86,1.7
58,103,2.0
58,3,1.0
58,118,1.58
58,47,1.61
58,50,2.04
58,51,2.41
58,116,1.86
58,8,1.26
58,33,1.08
58,4,1.19
58,148,1.52
58,100,1.63
58,89,1.42
58,138,1.73
58,41,1.38
58,12,1.0
58,77,2.07
58,42,1.0
58,69,1.7
58,70,1.07
58,74,1.34
58,62,1.51
58,20,1.89
58,129,1.2
58,107,1.43
59,142,1.81
59,138,1.66
59,34,1.21
59,114,1.83
59,121,1.74
59,132,1.73
59,42,1.86
59,72,1.75
59,36,2.2
59,4,1.35
59,103,1.0
59,70,1.56
59,40,1.53
59,129,1.62
59,77,1.94
59,149,1.87
59,133,1.39
59,118,1.7
59,17,1.0
59,10,1.53
59,140,2.0
59,21,2.16
59,64,1.25
59,96,2.09
59,35,1.82
59,74,2.4
59,59,1.39
59,105,1.81
59,12,1.9
59,28,1.37
59,95,1.78
59,19,2.0
59,33,1.68
59,123,1.56
59,38,1.37
59,44,1.41
59,49,1.65
59,135,2.02
59,65,1.42
59,39,1.0
59,83,1.7
59,63,1.88
59,82,1.25
59,56,1.66
59,146,2.57
59,76,1.68
59,29,1.06
59,145,1.0
59,57,1.9
59,106,1.0
59,124,1.4
59,81,1.47
59,54,1.04
59,51,1.35
59,53,1.67
59,15,1.41
59,116,1.5
59,14,1.98
59,68,1.31
60,98,1.12
60,21,1.77
60,118,2.2
60,39,1.8
60,123,1.62
60,53,2.63
60,112,1.21
60,75,2.17
60,30,2.95
60,128,1.08
60,49,1.43
60,16,1.58
60,59,1.29
60,86,1.63
60,91,1.85
60,125,1.13
60,81,1.42
60,31,1.14
60,37,1.38
60,110,1.65
60,90,1.53
60,12,2.35
60,137,2.27
60,85,1.77
60,67,1.51
60,111,2.03
60,136,1.0
60,38,1.69
60,17,1.93
60,146,1.0
60,24,1.86
60,15,1.06
60,121,1.5
60,147,1.27
60,43,2.27
60,47,2.37
60,40,1.45
60,11,1.68
60,144,1.4
60,140,1.0
60,18,1.0
60,78,1.04
60,149,1.53
60,106,2.22
60,3,1.61
60,9,1.48
60,122,1.23
60,60,1.52
60,100,1.58
60,109,2.13
60,66,1.58
60,23,1.77
60,61,1.39
60,132,1.85
60,54,2.2
61,24,1.46
61,131,1.96
61,143,2.25
61,15,2.01
61,117,1.78
61,33,1.43
61,2,1.2
61,40,1.89
61,21,1.33
61,20,1.8
61,116,2.28
61,66,1.44
61,22,1.35
61,35,2.65
61,122,1.15
61,99,1.73
61,118,2.43
61,73,2.15
61,42,2.52
61,25,1.65
61,62,1.03
61,53,2.32
61,28,1.0
61,144,1.81
61,76,1.28
61,96,1.19
61,19,2.18
61,97,1.94
61,88,1.0
61,142,2.05
61,67,1.64
61,121,1.94
61,49,1.35
61,91,1.49
61,141,1.21
61,112,1.0
61,134,1.28
61,32,1.0
61,30,1.63
61,87,1.0
61,150,1.09
61,78,2.1
61,86,1.61
61,9,2.09
61,31,1.0
61,23,1.0
61,5,1.4
61,111,1.41
62,126,2.63
62,121,1.0
62,74,1.33
62,53,1.4
62,145,2.61
62,91,1.36
62,76,1.18
62,84,1.12
62,90,1.2
62,104,1.74
62,78,1.05
62,132,1.07
62,130,1.69
62,61,2.08
62,26,2.5
62,81,2.53
62,88,1.96
62,75,3.24
62,136,1.38
62,17,2.89
62,45,1.4
62,59,2.29
62,30,1.81
62,63,1.56
62,42,1.23
62,46,3.45
62,96,1.0
62,97,2.85
62,54,2.7
62,47,2.44
62,49,1.17
62,55,1.94
62,86,1.63
62,133,1.4
62,92,1.67
62,51,1.96
62,149,2.95
62,112,1.13
62,2,1.41
62,127,1.41
62,109,2.36
62,83,1.3
62,29,1.31
62,19,1.23
62,99,2.76
63,123,2.26
63,62,1.33
63,78,2.62
63,18,1.6
63,92,1.0
63,110,1.24
63,95,1.36
63,115,2.47
63,20,2.47
63,116,1.15
63,31,1.27
63,135,2.84
63,38,2.08
63,77,1.43
63,76,1.08
63,42,1.96
63,59,1.8
63,29,2.67
63,87,1.0
63,138,1.0
63,51,1.19
63,133,1.27
63,71,1.5
63,126,1.41
63,70,1.0
63,69,2.05
63,24,2.37
63,125,2.16
63,21,1.15
63,137,2.1
63,67,1.35
63,136,1.95
63,81,2.45
63,43,2.02
63,25,1.64
63,41,1.0
63,118,1.61
63,50,1.75
63,106,2.57
63,28,2.0
64,109,4.0
64,83,2.07
64,69,3.43
64,61,1.21
64,111,1.0
64,101,1.34
64,135,3.99
64,92,2.22
64,99,1.23
64,78,2.5
64,118,1.85
64,71,1.42
64,62,2.3
64,136,3.5
64,119,1.26
64,63,3.16
64,112,1.04
64,33,1.52
64,9,2.79
64,124,2.8
64,126,1.52
64,6,1.79
64,144,1.21
64,74,2.45
64,137,1.85
64,133,1.12
64,148,3.21
64,106,2.21
64,38,1.52
64,117,2.48
64,24,1.56
64,141,1.2
64,80,1.0
64,134,1.0
64,146,2.81
64,73,1.81
64,125,1.56
64,129,2.02
64,54,1.02
64,28,1.28
64,46,1.56
64,143,2.45
64,102,2.32
64,48,1.0
64,110,1.55
64,149,3.06
64,43,1.34
64,8,2.3
64,150,1.31
64,115,2.83
64,22,1.54
64,100,1.0
64,1,1.0
64,75,1.33
64,42,1.89
64,44,1.04
64,26,1.08
64,29,2.45
64,57,1.78
64,27,1.24
65,104,1.5
65,52,1.58
65,59,2.83
65,81,2.4
65,145,2.99
65,92,1.79
65,101,1.0
65,99,3.77
65,97,4.28
65,66,1.09
65,79,3.34
65,61,1.94
65,54,3.69
65,38,2.53
65,47,3.32
65,58,1.0
65,67,1.21
65,17,2.95
65,46,2.89
65,50,1.68
65,98,1.42
65,2,2.59
65,15,1.0
65,26,3.51
65,141,1.0
65,95,1.86
65,6,1.52
65,113,1.58
65,139,1.62
65,74,1.0
65,37,2.34
65,134,1.12
65,149,3.13
65,126,3.1
65,45,1.09
65,108,1.0
65,33,2.1
65,53,1.0
65,146,1.57
65,10,1.16
65,5,1.53
65,39,3.15
65,75,2.96
65,91,1.85
65,142,1.0
65,80,1.37
65,132,1.56
65,31,1.59
65,127,1.61
65,140,1.36
65,124,1.36
65,84,1.11
65,112,1.05
65,69,1.73
65,88,1.0
65,144,1.15
65,25,1.0
65,117,1.02
65,72,1.59
65,19,1.0
65,100,1.19
65,123,1.56
65,43,1.7
65,133,1.94
65,90,1.57
65,115,3.07
66,47,2.4
66,129,1.03
66,142,3.27
66,65,2.54
66,146,2.08
66,4,1.01
66,115,1.83
66,53,1.52
66,140,1.3
66,27,2.71
66,118,1.35
66,26,1.23
66,25,1.43
66,69,2.17
66,90,1.79
66,95,1.73
66,3,1.99
66,9,3.54
66,122,1.75
66,30,1.99
66,92,2.57
66,63,1.94
66,2,1.56
66,109,1.77
66,107,2.61
66,137,1.17
66,141,2.53
66,1,1.0
66,71,2.09
66,64,2.0
66,126,1.22
66,78,2.12
66,91,3.36
66,24,1.65
67,100,1.7
67,95,2.47
67,38,1.4
67,141,1.9
67,72,1.25
67,36,1.5
67,148,2.12
67,64,2.52
67,56,1.45
67,6,1.58
67,24,2.7
67,122,2.37
67,73,2.12
67,143,2.25
67,13,1.41
67,94,1.63
67,109,1.77
67,81,2.86
67,89,1.7
67,105,1.0
67,132,1.94
67,50,1.92
67,70,1.0
67,97,1.07
67,46,1.0
67,145,1.23
67,26,1.0
67,31,1.0
67,12,2.42
67,10,1.17
67,18,1.05
67,125,1.03
67,51,1.0
67,92,1.38
67,43,1.4
67,65,1.0
67,59,1.59
67,2,1.42
67,135,2.09
67,147,1.0
67,129,1.45
67,1,1.45
67,114,1.29
67,86,1.0
67,15,2.15
67,139,1.69
67,117,1.68
68,113,1.0
68,140,1.93
68,136,2.32
68,52,1.25
68,101,1.0
68,63,2.3
68,107,1.76
68,58,1.56
68,1,1.15
68,17,1.0
68,118,1.0
68,15,1.29
68,94,1.11
68,132,1.0
68,114,1.26
68,67,1.12
68,35,1.71
68,88,1.97
68,66,2.01
68,143,1.17
68,36,2.11
68,70,1.12
68,20,1.86
68,22,1.61
68,65,1.28
68,56,1.2
68,106,2.03
68,124,1.5
68,135,2.05
68,8,1.87
68,26,2.44
68,62,1.0
68,109,2.82
68,102,3.25
68,23,1.34
68,29,2.26
68,97,1.75
68,108,1.16
68,98,1.0
68,111,1.17
68,122,1.83
68,138,2.3
68,90,1.0
68,115,1.59
68,43,2.27
68,61,1.33
68,103,1.0
68,42,2.33
68,117,2.21
68,34,1.58
68,49,1.28
68,141,1.21
68,54,1.59
68,3,1.78
68,21,1.46
68,5,1.42
68,69,2.67
68,126,1.51
68,73,1.15
68,130,1.83
68,7,1.42
68,75,1.82
68,125,1.96
68,99,1.21
68,131,1.23
68,46,1.65
68,77,1.43
68,30,1.84
69,133,2.19
69,24,1.19
69,49,1.51
69,82,1.19
69,141,1.44
69,150,1.0
69,125,1.37
69,115,2.31
69,83,2.82
69,104,1.0
69,23,1.0
69,43,1.0
69,148,3.0
69,53,2.71
69,37,1.0
69,36,3.13
69,78,2.48
69,102,2.18
69,13,1.03
69,17,1.0
69,45,1.73
69,124,1.95
69,76,2.76
69,126,1.41
69,50,1.2
69,116,1.0
69,47,1.6
69,73,1.26
69,140,2.43
69,22,1.74
69,32,1.01
69,117,2.31
69,114,1.34
69,137,3.71
69,87,1.0
69,138,2.71
69,135,2.4
69,2,1.34
69,55,1.59
69,129,1.83
69,6,1.45
69,52,1.0
69,99,1.8
69,61,1.12
69,19,2.73
69,86,1.8
69,72,1.28
69,147,1.49
69,106,1.0
69,25,1.0
69,107,1.85
69,77,1.76
69,66,2.57
69,27,1.75
69,122,1.74
69,120,1.0
69,20,1.88
69,92,1.39
70,29,1.0
70,127,2.49
70,71,2.37
70,83,1.71
70,146,1.0
70,101,1.98
70,91,1.24
70,3,1.59
70,32,1.0
70,5,1.87
70,53,1.7
70,54,1.0
70,81,1.25
70,106,1.59
70,28,1.04
70,92,1.4
70,138,2.18
70,30,1.35
70,102,1.55
70,7,1.0
70,114,2.36
70,132,1.76
70,37,1.47
70,111,1.23
70,94,1.14
70,26,1.32
71,56,1.42
71,135,1.75
71,139,2.83
71,125,2.66
71,43,2.99
71,136,2.99
71,7,1.57
71,67,2.47
71,59,1.93
71,84,1.7
71,88,1.0
71,39,2.92
71,35,1.25
71,16,1.48
71,77,1.91
71,33,1.42
71,50,1.14
71,110,2.42
71,70,1.57
71,46,2.48
71,127,1.73
71,18,1.31
71,120,1.26
71,42,1.52
71,2,1.65
71,87,2.91
71,97,1.91
71,91,1.0
71,123,1.94
71,20,1.83
71,68,2.11
72,78,1.14
72,58,2.31
72,9,1.0
72,88,1.97
72,59,1.88
72,138,1.61
72,72,1.81
72,119,2.25
72,129,1.65
72,19,1.14
72,67,2.52
72,136,1.6
72,65,1.0
72,86,1.99
72,132,1.89
72,39,1.83
72,62,1.34
72,91,1.59
72,53,2.21
72,80,1.31
72,10,1.34
72,12,2.23
72,64,1.95
72,54,1.36
72,94,1.4
72,8,1.83
72,29,2.36
72,35,1.71
72,41,1.99
72,24,2.55
72,117,2.15
72,106,2.87
72,46,2.53
72,130,1.86
72,103,2.07
72,34,1.32
72,42,1.84
73,7,1.67
73,98,1.0
73,131,1.6
73,64,1.88
73,17,1.75
73,59,1.61
73,55,1.33
73,105,2.2
73,19,2.61
73,67,1.53
73,42,1.41
73,65,1.37
73,100,1.31
73,6,1.96
73,36,1.45
73,120,1.01
73,40,1.18
73,128,2.02
73,74,2.09
73,75,2.45
73,119,2.39
73,61,1.05
73,38,1.93
73,109,2.21
73,79,2.11
73,134,1.0
73,78,1.65
73,71,1.13
74,135,1.42
74,44,1.96
74,37,1.88
74,19,1.95
74,9,2.52
74,146,2.06
74,80,1.45
74,112,1.0
74,118,2.27
74,52,2.24
74,121,1.8
74,145,2.35
74,114,1.56
74,109,1.52
74,65,2.62
74,129,1.22
74,13,2.15
74,115,1.79
74,54,2.01
74,86,1.57
74,136,2.43
74,92,2.58
74,6,2.55
74,111,1.96
74,141,1.8
74,99,1.69
74,132,1.98
74,126,2.54
74,47,2.59
75,130,1.6
75,135,3.27
75,114,3.04
75,99,2.65
75,121,1.85
75,105,2.01
75,36,1.15
75,68,3.32
75,97,1.82
75,88,2.27
75,134,1.96
75,70,2.02
75,22,1.13
75,29,1.03
75,128,1.0
75,1,2.34
75,133,1.84
75,6,3.49
75,59,1.0
75,119,2.7
75,62,3.48
75,123,1.94
75,9,1.0
75,76,1.55
75,87,1.0
75,8,1.87
75,49,3.01
75,146,1.74
75,129,1.0
75,77,1.27
75,85,2.3
75,131,1.0
75,122,1.15
75,12,1.76
75,46,1.99
75,145,2.24
75,81,1.0
75,21,1.0
75,75,2.4
75,95,2.62
75,124,1.0
75,120,1.42
75,5,2.05
75,67,1.0
75,2,2.41
75,91,2.56
75,106,1.0
75,89,2.35
75,15,1.0
75,51,2.42
75,78,2.96
75,43,1.24
75,111,1.67
75,42,1.28
75,118,2.42
75,20,2.01
75,112,1.0
76,144,1.0
76,46,1.72
76,141,1.71
76,4,1.88
76,148,2.27
76,132,2.14
76,31,2.67
76,90,1.0
76,127,2.53
76,47,1.28
76,53,2.57
76,93,1.3
76,21,1.32
76,16,1.0
76,34,3.38
76,114,2.19
76,76,2.6
76,28,1.97
76,97,1.0
76,14,1.46
76,100,1.3
76,61,1.01
76,56,1.28
76,133,2.27
76,6,2.72
76,138,2.66
76,36,2.67
76,5,2.19
76,84,1.53
76,32,1.47
76,68,2.31
76,125,1.14
76,124,1.0
76,33,2.21
76,26,2.58
76,11,1.0
76,52,1.55
76,49,2.63
76,91,3.39
76,115,1.0
77,90,1.16
77,120,1.1
77,15,2.78
77,144,1.0
77,133,1.59
77,145,1.67
77,121,1.26
77,46,1.58
77,86,2.68
77,18,1.15
77,113,1.0
77,23,1.79
77,129,1.74
77,36,1.27
77,24,2.0
77,12,2.07
77,106,1.52
77,28,1.0
77,30,1.46
77,25,1.74
77,47,1.31
77,142,2.6
77,73,2.29
77,39,1.26
77,4,1.21
77,56,1.43
77,16,2.25
77,6,1.94
77,20,1.35
78,148,1.95
78,20,2.49
78,29,2.7
78,124,1.78
78,38,1.65
78,33,1.0
78,106,3.02
78,64,2.95
78,129,1.0
78,102,2.13
78,47,1.7
78,93,1.0
78,135,2.36
78,63,3.04
78,113,1.07
78,66,1.36
78,83,1.71
78,112,1.39
78,11,1.31
78,71,1.66
78,15,2.84
78,110,1.06
78,96,1.0
78,55,1.57
78,13,1.92
78,141,1.99
78,53,1.54
78,45,1.59
78,17,1.08
78,89,1.4
78,42,1.45
78,130,1.22
78,2,1.3
78,86,1.25
78,35,1.1
78,5,1.0
78,101,1.0
79,53,1.99
79,143,2.21
79,7,1.0
79,56,1.0
79,135,1.39
79,44,1.0
79,138,2.39
79,129,1.3
79,16,1.67
79,91,2.2
79,35,1.75
79,34,1.61
79,97,1.0
79,19,2.22
79,73,2.11
79,40,1.29
79,132,1.81
79,86,1.0
79,141,2.31
79,127,2.07
79,42,1.06
79,145,1.0
79,43,1.12
79,47,2.19
79,62,1.8
79,26,2.49
79,107,2.24
79,87,1.75
79,38,1.24
79,57,1.0
79,22,1.21
79,142,2.54
79,112,1.32
79,124,1.87
79,117,1.0
79,21,1.97
79,69,1.71
79,3,1.0
79,104,2.15
79,31,1.07
79,84,1.32
79,4,1.66
79,78,1.74
79,64,1.11
79,137,1.99
79,113,1.0
79,123,1.49
79,125,2.0
79,55,1.0
79,146,1.38
79,93,1.04
79,49,1.17
79,144,1.45
79,103,1.37
79,39,1.76
79,139,1.57
79,54,1.68
79,77,1.64
79,74,2.24
79,140,3.02
79,52,2.25
79,100,1.29
79,126,1.0
80,84,1.0
80,39,1.52
80,109,1.65
80,12,3.49
80,92,3.07
80,70,2.33
80,16,1.0
80,100,1.76
80,71,2.73
80,115,2.04
80,77,3.71
80,47,2.1
80,142,2.52
80,141,2.75
80,13,2.16
80,111,2.69
80,14,3.2
80,6,2.53
80,89,1.19
80,63,1.59
80,78,1.82
80,116,1.0
80,36,1.26
80,80,1.59
80,59,2.28
80,108,1.7
80,104,2.73
80,65,2.87
80,91,3.04
80,96,1.78
80,102,1.76
80,85,1.92
80,128,1.0
80,42,1.0
80,9,3.08
80,134,1.35
80,138,1.98
80,83,1.0
80,120,1.17
80,105,1.57
80,62,1.04
80,1,1.04
80,43,1.75
80,46,1.14
80,45,2.72
80,149,1.64
80,7,1.0
80,90,1.2
80,69,2.4
80,15,1.23
80,33,1.07
80,110,1.7
80,21,1.51
80,125,2.33
80,99,1.7
80,20,1.38
80,24,1.72
80,126,1.06
81,118,2.31
81,131,2.12
81,49,1.0
81,7,1.52
81,93,1.01
81,35,2.44
81,122,1.62
81,106,1.78
81,121,1.44
81,147,2.87
81,90,2.09
81,138,1.5
81,99,1.71
81,26,1.42
81,125,1.0
81,107,1.44
81,148,2.61
81,36,1.72
81,50,1.22
81,127,1.95
81,10,1.48
81,97,1.53
81,81,2.09
81,24,2.0
81,126,2.05
81,4,1.25
81,117,1.68
81,115,2.22
81,100,1.19
81,63,1.54
81,6,1.91
81,18,2.58
81,42,1.05
81,143,1.2
81,46,2.33
81,38,1.91
81,14,1.44
81,22,1.44
81,67,2.02
81,135,1.89
81,95,1.47
81,17,1.66
81,139,1.45
81,142,2.36
81,15,2.86
81,92,1.75
81,47,2.27
81,1,1.75
81,149,1.99
81,62,1.77
81,65,1.6
81,103,1.84
81,83,1.89
81,51,1.53
81,13,2.2
81,123,1.0
81,72,1.39
81,94,1.73
82,95,1.42
82,81,1.05
82,35,3.07
82,80,2.27
82,3,1.93
82,150,1.6
82,53,2.15
82,79,2.06
82,127,3.25
82,118,1.23
82,135,1.2
82,143,2.31
82,32,1.24
82,64,1.53
82,114,1.65
82,9,1.92
82,119,1.59
82,2,1.0
82,140,2.08
82,91,1.38
82,71,1.0
82,149,1.22
82,121,2.87
82,129,3.77
82,5,2.2
82,34,1.17
82,108,1.34
82,102,2.08
82,147,1.67
82,15,3.14
82,126,2.1
82,69,1.27
82,120,1.56
82,52,1.18
82,86,1.96
82,98,1.48
82,59,1.53
82,100,1.14
82,72,2.17
82,132,1.02
82,18,2.54
82,54,1.97
82,142,2.76
82,90,3.01
82,8,2.13
82,107,1.52
82,22,2.05
82,131,3.51
82,138,2.01
82,101,1.0
82,76,1.14
82,56,1.46
83,24,1.83
83,7,1.0
83,73,1.39
83,17,1.13
83,47,2.11
83,128,1.3
83,142,2.79
83,125,1.76
83,1,1.58
83,85,1.88
83,21,1.73
83,55,1.47
83,65,1.48
83,93,1.0
83,39,1.04
83,95,1.66
83,8,1.91
83,124,1.0
83,30,1.46
83,19,1.0
83,136,1.16
83,111,1.74
83,11,1.0
83,91,2.65
83,92,2.09
83,131,2.03
83,126,1.61
83,103,1.0
83,54,2.22
83,22,1.0
83,94,2.06
84,51,1.8
84,120,1.87
84,82,1.48
84,37,1.79
84,9,1.31
84,93,1.0
84,43,1.87
84,103,1.51
84,104,1.64
84,67,2.11
84,79,2.33
84,95,1.57
84,69,1.39
84,130,1.29
84,13,1.1
84,148,2.17
84,7,1.61
84,33,1.91
84,105,2.18
84,15,1.71
84,39,2.85
84,24,2.02
84,109,2.49
84,87,1.28
84,11,2.44
84,146,1.71
84,17,2.17
84,90,1.58
84,72,2.62
84,86,1.1
84,145,2.15
84,50,1.64
84,112,1.9
84,65,1.0
84,98,1.3
84,54,2.73
84,36,1.44
84,14,1.0
84,118,2.33
84,38,1.66
84,106,1.05
84,52,1.01
84,63,2.29
84,107,1.0
84,78,1.68
84,1,1.0
84,102,2.0
84,150,1.19
84,28,1.78
84,110,2.24
84,143,1.44
84,97,2.95
84,149,2.07
84,125,1.84
84,147,1.64
84,92,1.86
84,73,1.05
84,136,1.25
84,127,2.32
84,19,1.0
84,45,1.33
84,41,1.57
85,148,2.2
85,102,1.32
85,69,1.65
85,46,2.35
85,54,2.38
85,87,1.0
85,38,2.61
85,23,1.0
85,129,1.0
85,136,1.63
85,124,2.07
85,78,1.51
85,116,1.0
85,140,1.2
85,6,1.56
85,61,2.13
85,32,1.27
85,150,1.52
85,141,1.6
85,118,1.55
85,44,1.71
85,145,2.0
85,7,2.51
85,29,2.05
85,89,1.08
85,117,1.62
85,132,1.53
85,45,1.0
85,59,2.07
85,66,1.0
85,127,1.56
85,49,1.31
85,31,1.56
85,105,1.13
85,35,1.0
85,26,2.58
85,144,1.0
85,80,1.11
85,149,2.28
85,106,1.81
85,36,1.61
85,15,2.0
85,28,1.56
85,37,3.09
85,17,1.8
85,18,2.07
85,58,1.07
85,77,1.24
86,51,1.51
86,114,3.79
86,86,1.0
86,81,2.44
86,143,1.61
86,54,1.86
86,99,2.79
86,1,1.0
86,77,2.01
86,38,3.51
86,108,2.09
86,101,1.95
86,102,1.0
86,71,2.46
86,87,1.62
86,41,1.14
86,78,3.32
86,122,2.58
86,148,2.15
86,133,1.01
86,136,1.18
86,26,1.53
86,126,1.11
86,37,1.28
86,69,2.6
86,19,1.0
86,125,2.33
86,76,1.0
86,22,1.65
86,84,1.69
86,131,1.61
86,129,1.55
86,3,2.31
86,46,1.41
86,55,1.25
86,75,2.89
86,12,1.72
86,59,1.95
86,120,1.37
86,30,1.34
86,105,2.0
86,67,2.28
86,29,2.1
87,33,1.46
87,103,1.82
87,69,2.23
87,66,1.98
87,130,1.02
87,114,2.1
87,78,2.95
87,74,1.87
87,144,1.91
87,134,1.77
87,13,1.06
87,150,1.45
87,88,1.46
87,52,1.11
87,120,1.0
87,97,1.0
87,34,1.34
87,89,2.68
87,24,1.57
87,75,2.82
87,86,2.23
87,94,1.24
87,16,1.29
87,43,1.0
87,140,2.08
87,115,2.32
87,112,1.0
87,51,1.23
87,19,2.03
87,133,1.26
87,76,1.51
87,17,2.1
87,79,1.86
87,99,3.28
87,49,2.87
87,2,1.92
87,91,1.8
87,5,1.76
87,122,2.24
87,58,1.77
87,3,2.46
87,46,1.65
87,105,1.57
87,64,1.02
87,53,2.43
87,138,1.02
87,132,1.46
87,73,1.39
87,77,2.22
87,60,1.04
87,38,2.17
87,54,1.24
87,98,1.0
87,135,1.98
87,100,1.0
87,125,1.97
87,26,1.88
87,40,2.5
87,8,1.62
87,48,1.85
87,149,1.38
87,45,1.0
87,128,1.18
87,14,1.14
87,68,1.41
87,29,1.0
87,59,1.75
88,135,1.96
88,134,1.0
88,53,1.71
88,39,2.03
88,136,2.34
88,25,1.14
88,10,1.0
88,49,1.0
88,116,1.87
88,106,2.83
88,148,1.08
88,56,1.02
88,43,2.53
88,59,1.1
88,119,1.98
88,33,1.55
88,142,1.27
88,78,1.73
88,125,1.92
88,73,1.0
88,112,1.0
88,57,1.0
88,123,1.96
88,85,1.76
88,146,1.56
88,141,1.82
88,93,1.32
88,76,1.17
88,69,1.88
88,9,2.19
88,83,1.66
88,102,2.51
88,18,1.0
88,109,1.0
88,121,1.48
88,124,1.88
88,27,1.36
88,20,1.47
88,103,1.16
88,64,2.45
88,114,1.77
88,38,1.83
88,29,2.11
89,13,1.2
89,32,1.0
89,76,1.0
89,39,2.52
89,3,2.42
89,110,2.83
89,51,1.32
89,11,2.85
89,75,2.9
89,146,2.15
89,97,3.43
89,23,1.0
89,132,1.5
89,8,2.4
89,95,1.82
89,103,1.0
89,99,2.88
89,22,1.91
89,134,1.63
89,46,2.5
89,64,1.0
89,7,2.49
89,113,1.03
89,126,2.14
89,118,2.15
89,147,1.05
89,6,1.37
89,104,1.24
89,150,1.0
89,115,2.17
89,74,1.32
89,131,1.78
89,98,1.83
89,43,2.17
89,37,3.0
90,5,1.53
90,3,1.19
90,25,1.19
90,4,1.0
90,21,1.45
90,84,1.65
90,62,1.69
90,148,2.28
90,125,1.46
90,24,1.75
90,64,2.28
90,66,2.95
90,56,1.31
90,76,2.11
90,102,2.98
90,99,1.61
90,55,1.3
90,108,1.0
90,45,1.36
90,128,1.45
90,146,2.36
90,46,2.34
90,120,1.58
90,75,1.88
90,16,2.48
90,63,2.06
90,33,1.25
90,97,1.94
90,37,1.95
90,77,1.06
90,19,2.14
90,113,1.72
90,101,1.0
90,81,1.75
90,145,2.13
90,139,1.0
90,57,1.0
90,78,1.0
90,140,2.65
90,126,1.4
90,59,1.76
90,137,1.96
90,42,1.63
90,94,1.39
90,122,1.3
90,110,1.49
90,118,1.57
90,86,1.32
90,22,1.62
90,130,2.19
90,58,1.75
90,26,2.37
90,28,1.42
90,117,1.59
90,138,1.92
90,51,2.58
90,12,1.54
90,14,1.44
90,96,1.19
90,47,1.79
90,70,1.53
90,95,1.22
91,22,1.4
91,76,1.25
91,138,1.0
91,106,1.6
91,69,1.7
91,79,1.95
91,7,1.0
91,95,1.47
91,132,1.21
91,1,1.07
91,24,1.97
91,86,1.43
91,54,2.2
91,6,2.04
91,116,2.19
91,38,1.66
91,101,1.76
91,92,1.44
91,109,1.88
91,89,1.21
91,70,1.14
91,75,1.84
91,72,1.26
91,34,1.22
91,114,1.21
91,20,1.68
91,140,1.9
91,97,1.66
91,9,2.33
91,104,2.0
91,58,1.46
91,142,2.3
91,143,2.15
91,130,1.0
91,88,1.02
91,141,1.58
91,100,1.0
91,131,1.62
91,26,1.52
91,136,1.56
91,102,1.23
91,47,2.17
92,71,1.97
92,59,2.27
92,89,1.21
92,9,1.6
92,97,2.97
92,142,2.24
92,102,2.37
92,69,2.32
92,144,1.0
92,103,1.96
92,101,1.0
92,10,1.42
92,43,3.94
92,95,1.56
92,33,2.23
92,6,1.57
92,42,2.76
92,80,1.19
92,39,1.38
92,133,1.1
92,12,1.61
92,116,1.42
92,24,3.04
92,47,1.27
92,53,1.78
92,31,1.0
92,11,3.16
92,112,2.13
92,117,1.56
92,150,1.0
92,140,1.28
92,64,2.3
92,20,1.13
92,2,2.37
92,125,1.74
92,41,1.61
92,30,2.01
92,65,1.0
92,132,1.11
92,67,1.33
92,109,2.47
92,55,1.06
92,110,2.45
92,21,1.5
92,1,1.0
92,16,1.51
92,120,2.34
92,149,1.14
92,22,1.27
92,23,2.58
92,15,1.71
92,49,1.0
92,96,1.22
92,92,1.73
92,122,1.64
92,91,1.33
92,130,1.0
92,17,1.79
92,131,1.8
92,44,1.64
92,146,2.68
92,143,2.38
92,129,1.4
92,139,1.0
92,68,1.79
92,45,1.0
92,35,1.8
92,134,1.31
92,119,1.94
93,20,2.36
93,4,1.22
93,136,1.5
93,45,1.47
93,85,1.38
93,125,1.86
93,111,1.34
93,8,1.35
93,82,1.71
93,78,1.09
93,54,1.68
93,112,1.02
93,145,2.98
93,25,1.44
93,24,1.47
93,109,1.62
93,67,2.09
93,119,1.82
93,103,1.93
93,149,1.57
93,16,1.0
93,130,3.62
93,58,2.97
93,75,2.56
93,46,2.5
93,70,1.76
93,33,1.05
93,124,2.02
93,138,1.0
93,60,2.39
93,66,1.77
93,147,1.15
93,122,1.0
93,83,1.22
93,47,1.52
93,49,2.84
93,3,1.05
93,29,2.36
93,148,1.0
93,39,1.69
93,5,1.02
93,43,2.05
94,66,1.5
94,7,1.4
94,145,1.69
94,119,3.0
94,56,1.31
94,44,1.09
94,95,1.78
94,148,1.43
94,48,1.66
94,143,2.35
94,53,2.0
94,113,1.87
94,62,2.05
94,14,1.39
94,142,1.76
94,24,1.61
94,17,1.0
94,43,1.65
94,140,2.46
94,107,1.0
94,29,1.0
94,27,1.25
94,135,2.83
94,8,2.08
94,85,1.36
94,10,1.37
94,112,1.59
94,128,1.1
94,60,1.34
94,37,1.85
94,19,1.88
94,13,1.7
94,103,2.19
94,59,1.24
94,150,1.2
94,81,1.64
94,88,1.44
94,146,1.61
94,94,1.28
94,122,1.58
94,68,1.94
94,9,1.17
94,115,1.18
94,36,1.81
94,116,2.48
94,21,1.08
94,111,1.75
94,57,1.0
94,42,1.85
94,61,1.0
94,58,1.58
94,92,1.46
94,110,1.44
94,127,1.1
94,4,1.0
94,109,3.05
94,50,1.48
94,124,1.88
94,11,1.79
94,84,1.29
95,62,1.0
95,128,2.01
95,102,2.85
95,137,3.19
95,149,1.89
95,34,2.13
95,109,2.38
95,76,2.29
95,80,1.58
95,55,1.9
95,58,2.08
95,106,1.89
95,54,1.04
95,20,2.4
95,92,1.55
95,117,1.92
95,88,2.1
95,1,1.14
95,49,1.95
95,124,1.33
95,3,1.55
95,72,1.45
95,21,1.0
95,146,2.06
95,63,2.47
95,7,1.44
95,10,1.21
95,144,1.0
95,148,3.2
95,2,1.83
95,140,2.95
95,27,1.03
96,146,2.65
96,4,1.17
96,105,2.29
96,147,1.99
96,16,1.42
96,43,1.24
96,81,2.36
96,124,2.05
96,74,2.48
96,10,2.09
96,21,1.54
96,61,1.0
96,53,1.27
96,35,1.7
96,5,2.28
96,123,1.24
96,138,1.06
96,94,1.68
96,92,1.23
96,24,2.07
96,83,1.46
96,36,1.67
96,85,3.25
96,1,1.1
96,44,1.56
96,97,1.99
96,68,2.37
96,45,1.0
96,82,2.17
96,79,1.5
96,23,1.0
97,91,1.66
97,146,1.48
97,82,1.89
97,53,2.32
97,86,2.4
97,5,1.78
97,88,1.3
97,134,1.0
97,2,1.0
97,125,1.86
97,120,2.16
97,16,1.62
97,126,1.63
97,115,1.3
97,74,1.51
97,38,1.1
97,44,1.34
97,92,1.34
97,39,2.17
97,50,1.0
97,140,1.52
97,110,1.37
97,111,1.57
97,143,1.83
97,98,1.57
97,66,1.42
97,17,1.79
97,118,2.17
97,8,2.3
97,85,2.39
97,96,1.28
97,49,2.06
97,4,1.05
97,131,1.42
97,73,1.42
97,27,2.58
97,26,1.13
97,47,1.69
97,42,1.76
97,123,1.0
97,70,1.0
97,62,2.38
98,65,1.0
98,12,1.41
98,27,1.0
98,93,1.43
98,140,1.9
98,4,1.67
98,83,2.3
98,42,1.87
98,85,1.99
98,113,1.68
98,110,1.9
98,109,2.52
98,117,1.35
98,77,2.61
98,43,1.87
98,139,1.07
98,19,1.77
98,40,1.0
98,71,2.57
98,145,2.16
98,87,1.21
98,55,1.47
98,99,2.3
98,100,1.0
98,118,2.07
98,16,1.2
98,123,2.03
98,35,2.15
98,91,1.8
98,57,1.13
98,94,1.79
98,2,1.76
98,61,1.58
98,124,1.39
98,72,2.18
98,96,1.74
98,69,2.41
98,130,1.0
98,142,1.79
98,132,1.22
98,68,1.68
98,59,2.37
98,103,1.79
98,114,2.22
98,32,1.0
98,25,1.79
98,119,1.53
98,108,2.07
98,30,1.78
98,81,1.76
98,120,1.21
98,146,2.18
98,28,1.0
98,48,1.03
98,52,1.0
99,12,1.25
99,78,2.68
99,127,2.29
99,22,1.4
99,106,2.01
99,67,1.46
99,6,1.47
99,82,1.15
99,41,1.0
99,93,1.0
99,58,1.47
99,102,2.9
99,139,1.28
99,39,1.0
99,142,1.88
99,34,2.16
99,33,1.0
99,124,2.07
99,103,1.03
99,147,1.7
99,108,2.04
99,136,2.39
99,145,1.57
99,121,2.08
99,85,1.38
99,125,1.58
99,30,1.75
99,137,2.81
99,150,1.07
99,92,1.61
99,29,1.85
100,92,2.1
100,74,1.38
100,62,1.51
100,44,1.39
100,113,1.42
100,51,2.92
100,130,2.43
100,91,1.13
100,101,1.0
100,78,1.0
100,140,2.09
100,66,1.76
100,67,2.58
100,136,2.02
100,95,2.03
100,69,1.07
100,41,1.0
100,124,2.0
100,46,2.79
100,2,1.08
100,5,1.6
100,147,1.5
100,87,1.55
100,75,1.45
100,56,1.0
100,123,1.21
100,114,2.17
100,73,2.67
100,119,2.24
100,146,1.68
101,24,2.32
101,141,2.32
101,148,1.35
101,19,1.14
101,104,2.37
101,68,2.17
101,81,2.53
101,25,2.33
101,110,1.93
101,135,2.26
101,67,2.2
101,95,2.52
101,113,1.0
101,62,1.39
101,52,1.0
101,143,2.62
101,35,1.85
101,120,2.21
101,57,1.0
101,34,1.0
101,4,1.51
101,91,2.1
101,74,1.46
101,139,1.45
101,63,2.8
101,17,1.59
102,5,1.25
102,43,3.24
102,18,1.51
102,105,1.81
102,79,1.63
102,142,1.45
102,54,2.48
102,4,1.26
102,116,1.55
102,91,1.21
102,123,3.14
102,63,1.16
102,112,2.6
102,24,2.78
102,150,1.14
102,30,3.32
102,118,2.6
102,127,1.77
102,130,1.0
102,73,1.82
102,64,1.46
102,96,1.0
102,33,1.14
102,67,1.75
102,101,1.72
102,27,1.33
102,59,1.41
102,125,1.31
102,87,1.0
102,134,1.22
102,32,1.0
102,66,1.18
102,77,1.93
102,58,1.41
102,20,1.15
102,81,1.24
102,97,3.03
102,3,2.79
102,69,1.56
102,76,1.36
102,110,2.61
102,9,1.62
102,84,1.04
102,114,2.06
102,139,1.23
102,11,3.2
102,83,1.44
102,72,1.0
102,98,2.75
102,38,1.83
102,37,1.15
102,119,1.42
102,44,1.0
102,115,1.0
102,14,1.78
102,109,1.09
102,138,1.92
102,126,1.0
102,2,1.0
102,89,1.83
103,138,1.0
103,95,2.34
103,115,1.96
103,59,1.7
103,58,1.37
103,12,1.19
103,145,1.16
103,33,1.35
103,75,1.83
103,17,2.14
103,96,1.44
103,55,1.43
103,79,2.71
103,18,2.79
103,3,2.07
103,30,2.14
103,109,1.16
103,123,2.24
103,49,1.61
103,81,1.29
103,35,2.28
103,131,2.09
103,113,1.0
103,13,2.14
103,64,1.14
103,149,1.79
103,98,1.74
103,142,2.54
103,117,1.08
103,91,1.96
103,77,1.51
103,140,1.65
103,56,1.42
103,133,1.57
103,63,1.29
104,123,1.29
104,148,2.22
104,59,1.0
104,130,2.15
104,118,1.79
104,138,2.55
104,69,2.31
104,19,2.2
104,23,1.0
104,74,2.05
104,11,1.0
104,12,1.06
104,93,1.57
104,67,2.55
104,101,2.18
104,84,1.64
104,136,1.58
104,127,2.4
104,37,1.55
104,105,1.7
104,128,1.0
104,140,2.36
104,92,1.27
104,33,1.34
104,86,1.09
104,103,1.0
104,46,2.36
104,147,1.32
104,40,2.03
104,1,1.77
104,98,1.38
104,131,1.35
104,87,1.89
104,42,1.12
104,129,2.02
104,21,1.21
104,17,1.45
104,77,1.68
104,90,1.3
104,75,2.3
104,137,1.53
104,41,1.38
105,21,2.13
105,35,2.14
105,82,1.7
105,122,2.56
105,64,1.87
105,58,2.54
105,102,2.26
105,25,2.14
105,32,1.69
105,19,1.56
105,68,1.33
105,91,1.93
105,128,1.56
105,112,1.0
105,142,2.3
105,106,2.5
105,53,1.99
105,12,2.34
105,43,1.32
105,22,1.0
105,56,1.73
105,109,1.27
105,107,1.28
105,48,1.1
105,78,1.68
105,33,1.23
105,77,1.88
105,80,1.3
105,47,2.14
105,41,2.13
106,147,2.38
106,61,1.37
106,120,2.11
106,114,1.17
106,148,1.65
106,43,1.26
106,4,1.2
106,146,2.76
106,109,1.77
106,124,1.85
106,122,1.76
106,113,1.06
106,116,1.46
106,143,2.63
106,141,1.54
106,59,2.78
106,7,1.37
106,8,1.0
106,67,2.16
106,128,1.0
106,131,1.11
106,62,1.0
106,46,1.68
106,75,2.11
106,127,1.97
106,98,1.0
106,24,2.49
106,56,1.24
106,82,1.0
106,80,1.16
106,19,2.21
106,35,1.47
106,9,1.0
106,12,1.5
106,129,1.03
106,126,1.46
106,44,1.0
106,45,1.0
106,21,1.56
106,3,1.67
106,51,1.39
106,118,1.92
106,136,1.4
107,132,2.71
107,45,2.05
107,71,2.91
107,77,2.95
107,110,1.45
107,103,1.1
107,112,1.46
107,91,3.0
107,70,2.13
107,69,1.6
107,106,2.11
107,54,1.61
107,67,1.48
107,23,1.59
107,101,1.0
107,12,2.85
107,148,1.51
107,19,1.66
107,56,1.77
107,33,1.45
107,43,1.63
107,47,3.22
107,107,1.6
107,24,2.0
107,38,1.82
107,13,2.0
107,141,2.94
107,55,1.23
107,115,2.12
107,123,2.09
107,5,1.0
107,131,1.31
107,51,1.0
107,137,1.37
107,49,1.69
107,145,1.28
107,39,1.0
107,121,1.0
107,27,1.59
107,109,1.86
107,16,1.26
107,29,1.85
107,74,1.31
107,111,2.59
107,40,1.42
107,63,1.82
107,35,1.95
107,37,1.3
107,50,1.68
107,92,2.24
107,26,1.48
107,6,2.68
107,102,1.41
107,3,2.08
107,144,1.28
107,53,1.43
108,68,1.59
108,140,1.17
108,135,1.25
108,20,1.0
108,12,1.87
108,47,1.99
108,91,1.83
108,90,2.12
108,40,1.23
108,142,2.27
108,46,1.56
108,119,1.61
108,123,1.86
108,14,1.41
108,34,1.7
108,31,1.4
108,138,2.0
108,52,1.14
108,71,1.61
108,136,1.0
108,66,2.29
108,110,1.88
108,64,1.54
108,9,1.12
108,30,1.81
108,107,1.36
108,55,1.56
108,92,2.11
108,95,2.04
108,148,1.93
108,3,2.35
108,76,1.17
108,39,1.3
108,103,1.94
109,128,1.0
109,137,1.31
109,141,2.87
109,113,1.27
109,46,1.0
109,125,1.0
109,78,1.88
109,39,1.43
109,59,1.97
109,45,1.61
109,69,1.47
109,118,2.13
109,72,1.43
109,38,2.07
109,12,2.76
109,131,1.0
109,63,2.24
109,66,1.15
109,115,1.9
109,129,1.0
109,77,1.41
109,95,2.59
109,33,1.82
109,85,2.39
109,108,1.33
109,15,1.88
109,57,1.39
109,67,1.92
109,104,2.3
109,120,2.63
109,53,1.31
109,134,2.58
109,30,2.02
109,84,1.28
109,22,2.41
109,42,2.36
109,135,2.37
109,2,1.49
109,139,1.85
109,50,2.15
109,105,1.39
109,9,2.59
109,93,1.0
110,108,2.25
110,113,1.0
110,81,2.2
110,123,1.41
110,99,1.37
110,22,1.17
110,122,1.84
110,54,1.74
110,107,1.69
110,104,2.32
110,57,1.98
110,28,1.0
110,106,1.77
110,127,1.26
110,125,2.08
110,97,2.13
110,39,2.3
110,52,1.01
110,115,2.02
110,65,1.0
110,111,1.33
110,51,1.89
110,2,1.49
110,92,1.55
110,44,1.43
110,74,1.39
110,94,1.0
110,66,1.57
110,87,1.0
110,77,2.47
110,101,1.36
110,14,1.23
110,138,1.85
110,38,1.75
110,117,2.36
110,149,1.49
110,67,1.94
110,49,1.42
110,11,1.95
110,8,1.93
110,16,1.0
110,55,1.32
110,68,1.0
110,10,1.09
110,12,1.76
110,29,1.68
110,47,1.93
110,24,1.75
110,58,2.01
110,142,1.15
110,41,1.65
110,26,1.0
110,102,1.93
111,54,1.46
111,78,1.25
111,87,1.35
111,14,1.23
111,81,1.24
111,99,2.13
111,55,1.4
111,74,1.8
111,43,2.07
111,130,1.58
111,91,2.61
111,83,1.19
111,140,1.68
111,42,2.41
111,96,1.31
111,143,1.03
111,2,2.28
111,93,1.95
111,25,1.57
111,123,1.52
111,95,2.15
111,139,2.58
111,100,1.68
111,77,2.18
111,135,2.1
111,35,2.46
111,11,1.5
111,108,1.74
111,75,1.01
111,5,2.5
111,49,1.68
111,69,1.93
111,71,1.4
111,122,2.18
111,41,1.76
112,139,1.37
112,2,1.51
112,40,2.14
112,108,2.58
112,55,1.73
112,10,1.0
112,116,1.79
112,4,2.64
112,74,2.26
112,142,1.1
112,137,1.38
112,69,2.47
112,61,1.0
112,20,1.44
112,63,1.74
112,58,1.0
112,126,1.0
112,138,2.07
112,3,2.61
112,18,1.0
112,101,2.38
112,77,2.81
112,51,1.3
112,46,1.14
112,83,1.89
112,115,3.0
112,53,1.35
112,75,2.24
113,42,2.23
113,150,1.88
113,28,1.27
113,53,2.35
113,142,1.87
113,55,1.0
113,33,1.7
113,9,2.48
113,22,1.45
113,64,1.58
113,83,1.78
113,122,1.89
113,3,1.87
113,126,2.55
113,90,2.59
113,113,1.45
113,135,1.63
113,15,1.66
113,89,1.0
113,136,1.0
113,109,1.55
113,94,2.26
113,120,2.51
113,96,1.16
113,79,2.33
113,30,2.38
113,85,1.55
113,61,1.07
113,102,2.12
113,67,1.46
113,130,1.41
113,119,1.58
113,121,2.35
113,77,2.15
113,31,1.0
113,110,2.89
113,11,2.13
113,75,1.58
114,8,2.39
114,10,1.0
114,72,1.0
114,74,1.51
114,53,1.3
114,93,1.26
114,59,2.12
114,86,2.05
114,55,1.25
114,108,1.0
114,85,2.48
114,24,1.33
114,104,1.65
114,119,1.18
114,9,1.6
114,91,1.64
114,120,2.14
114,17,1.59
114,136,1.11
114,63,2.09
114,113,1.03
114,149,2.05
114,106,3.1
114,38,2.25
114,46,1.54
114,130,1.58
114,61,1.35
114,125,1.0
114,32,1.91
114,25,1.0
114,78,2.4
114,12,1.65
114,54,1.48
114,148,2.45
114,116,1.0
114,20,2.23
114,58,2.91
114,103,1.34
114,3,1.34
114,64,2.91
114,140,1.39
114,137,1.44
114,29,2.14
114,141,1.69
114,89,1.28
114,115,1.86
114,134,2.2
114,118,2.07
114,18,1.6
114,133,2.26
114,39,1.54
114,150,1.0
114,49,1.78
114,126,2.18
114,101,1.23
114,33,1.51
114,81,3.11
114,121,1.61
114,135,1.76
114,66,1.45
114,139,1.67
114,5,1.63
114,100,1.04
114,68,2.17
114,1,1.21
114,102,1.79
114,52,1.44
114,23,1.2
114,26,1.37
115,123,1.63
115,147,1.28
115,99,2.48
115,40,2.45
115,19,1.12
115,89,2.14
115,115,1.71
115,85,2.3
115,48,2.11
115,108,1.96
115,70,1.21
115,46,2.05
115,125,2.49
115,86,1.72
115,45,1.0
115,50,2.28
115,67,2.56
115,29,3.0
115,91,2.12
115,103,1.75
115,1,1.0
115,81,1.3
115,87,2.0
115,51,1.15
115,53,1.73
115,49,2.52
115,69,2.09
115,122,2.43
115,72,1.0
115,149,1.43
115,59,1.7
115,105,1.58
115,83,1.55
115,132,1.57
115,77,2.05
115,75,2.79
115,141,1.96
115,140,1.6
115,150,1.09
115,110,1.0
115,13,1.0
115,35,1.91
115,38,2.79
115,54,2.11
115,82,2.07
115,47,1.78
115,11,1.0
115,106,2.51
115,30,2.51
115,74,2.0
115,5,1.41
115,43,1.96
115,9,1.11
115,97,1.11
115,101,2.53
115,8,1.7
115,16,1.6
115,102,1.24
115,84,1.31
115,129,1.96
115,25,2.36
115,58,1.95
115,100,1.0
115,76,1.2
115,14,1.55
115,10,1.38
115,107,1.0
115,39,1.91
115,114,2.5
116,140,1.4
116,79,1.82
116,64,3.15
116,124,2.57
116,141,1.1
116,74,3.09
116,20,2.19
116,90,1.99
116,112,1.0
116,62,2.4
116,114,1.74
116,80,1.0
116,50,1.56
116,94,1.99
116,63,1.09
116,118,2.38
116,1,1.0
116,121,2.2
116,51,1.61
116,144,1.44
116,115,1.65
116,37,2.58
116,147,1.59
116,78,1.58
116,135,2.38
116,136,1.81
116,104,1.0
116,54,1.0
116,7,1.68
116,58,1.37
116,89,2.13
116,85,2.8
116,10,2.3
116,60,2.31
116,15,3.96
116,107,1.0
116,116,2.64
116,131,1.53
116,143,1.4
116,8,1.77
116,102,1.39
116,92,1.22
116,106,1.64
116,105,1.0
116,88,1.47
116,17,1.28
116,5,1.0
116,77,2.04
116,103,2.98
116,21,2.11
116,67,1.64
116,36,1.65
116,82,2.92
116,57,1.62
116,30,1.67
116,2,1.0
116,46,1.46
117,16,1.35
117,76,1.41
117,18,1.5
117,89,3.46
117,47,2.08
117,33,2.96
117,66,2.03
117,85,3.4
117,51,1.0
117,141,1.21
117,1,2.44
117,135,3.08
117,30,1.0
117,149,1.59
117,102,1.68
117,91,3.39
117,62,3.52
117,114,2.72
117,139,2.41
117,129,2.22
117,105,1.64
117,92,1.37
117,78,3.29
117,49,3.65
117,128,1.0
117,94,1.0
117,52,1.08
118,104,2.08
118,64,1.49
118,72,1.43
118,56,2.09
118,143,2.73
118,97,2.87
118,119,2.48
118,6,1.52
118,127,1.95
118,61,1.45
118,113,1.43
118,7,1.42
118,135,1.36
118,99,1.0
118,67,2.54
118,44,1.0
118,46,1.82
118,20,1.39
118,68,1.53
118,59,1.79
118,108,1.05
118,14,1.0
118,62,1.75
118,98,2.06
118,141,1.92
118,118,2.06
118,82,1.0
118,83,1.39
118,123,2.26
118,27,1.1
118,95,2.25
118,130,1.53
118,121,1.34
118,19,1.38
118,78,1.0
118,39,2.24
118,71,1.75
118,37,1.0
118,42,1.53
118,128,1.5
118,131,2.07
118,120,1.7
118,138,1.64
118,145,2.06
119,40,2.12
119,55,1.52
119,120,2.03
119,64,1.6
119,12,2.64
119,30,2.85
119,132,1.61
119,104,1.59
119,73,2.07
119,32,2.43
119,68,2.33
119,122,2.95
119,13,1.97
119,149,1.0
119,44,1.35
119,134,2.61
119,103,2.36
119,100,2.49
119,22,1.74
119,138,1.0
119,67,1.93
119,42,1.0
119,144,1.11
119,72,1.24
119,127,1.0
119,140,1.0
119,11,1.71
119,85,2.19
119,147,1.49
119,141,2.83
119,78,2.0
119,97,1.0
120,84,1.0
120,8,2.09
120,107,1.49
120,111,2.31
120,82,1.89
120,26,1.95
120,134,1.43
120,88,1.61
120,76,1.43
120,83,2.12
120,15,1.94
120,112,1.03
120,12,2.46
120,85,2.05
120,31,1.38
120,36,1.44
120,4,1.0
120,136,2.19
120,122,1.64
120,7,1.57
120,118,1.4
120,2,1.0
120,70,1.31
120,18,2.49
120,87,1.11
120,150,1.45
120,145,2.5
120,132,1.98
120,148,1.47
120,116,1.66
120,130,1.51
120,19,2.0
120,94,1.6
120,45,1.0
120,32,1.49
120,62,1.58
120,30,1.41
120,41,1.0
120,46,1.64
120,89,1.25
120,22,1.94
120,37,1.51
120,48,1.24
120,67,1.99
120,44,1.0
120,81,3.01
120,129,1.28
120,71,1.6
120,47,1.85
120,86,1.22
120,74,2.31
120,66,1.04
120,147,1.95
120,149,1.99
120,14,2.38
121,32,1.35
121,43,2.99
121,140,1.83
121,108,1.27
121,8,2.1
121,19,1.54
121,133,1.23
121,33,2.58
121,107,1.35
121,25,1.0
121,92,2.35
121,90,1.44
121,94,1.4
121,42,3.11
121,24,2.34
121,130,1.5
121,86,1.67
121,59,2.55
121,11,3.23
121,69,2.09
121,60,1.0
121,20,1.0
121,63,2.25
121,97,3.27
121,139,1.47
121,103,1.03
121,74,1.6
121,112,1.86
121,98,1.94
121,2,1.82
121,30,2.63
121,101,1.0
121,96,1.24
121,55,1.0
121,104,1.71
121,120,2.28
121,46,1.41
121,123,2.61
121,50,1.47
121,36,1.16
121,18,2.25
121,39,1.91
121,122,1.4
121,136,1.86
121,144,1.57
121,66,1.43
121,118,2.25
121,54,2.8
121,35,2.24
121,87,1.0
121,4,1.12
121,115,2.0
121,100,1.37
121,34,1.0
121,53,2.28
121,146,1.74
121,102,1.48
121,95,2.47
121,57,1.0
121,48,1.67
121,64,1.63
121,125,2.1
121,17,2.47
121,29,2.33
121,37,1.82
122,60,2.09
122,146,1.47
122,96,1.0
122,12,1.49
122,106,2.08
122,30,1.62
122,43,1.38
122,59,1.84
122,118,1.22
122,141,1.12
122,139,2.74
122,26,1.31
122,7,1.24
122,126,1.2
122,89,1.69
122,28,1.45
122,58,1.53
122,133,1.86
122,99,2.45
122,140,2.4
122,46,1.15
122,122,2.18
122,115,1.43
122,72,1.65
122,76,1.33
122,49,2.08
122,40,1.05
122,150,1.22
122,80,1.02
122,143,2.44
122,55,1.0
122,130,1.61
122,97,1.9
122,109,2.3
122,61,1.0
122,24,1.97
122,103,1.52
122,108,1.0
122,134,1.57
122,35,1.94
122,5,1.51
122,71,2.07
122,128,1.47
122,144,1.67
122,125,2.47
123,66,1.43
123,37,1.0
123,127,3.04
123,35,2.27
123,8,1.04
123,142,2.31
123,9,2.12
123,144,1.0
123,14,1.0
123,135,1.88
123,129,1.86
123,90,1.47
123,95,1.52
123,94,2.19
123,84,1.0
123,97,1.61
123,147,3.48
123,150,2.38
123,79,2.36
123,16,1.18
123,23,1.1
123,113,1.0
123,148,2.26
123,67,1.81
123,18,1.68
123,56,1.0
123,60,1.15
123,106,2.35
123,21,1.75
123,51,1.5
123,11,1.0
123,96,1.0
124,111,1.77
124,51,1.2
124,24,2.63
124,80,1.66
124,106,1.32
124,98,1.66
124,67,1.0
124,120,1.3
124,99,1.64
124,90,3.01
124,83,1.55
124,8,2.25
124,103,2.27
124,30,2.53
124,131,1.98
124,125,1.82
124,82,1.21
124,129,1.6
124,20,1.85
124,116,1.31
124,150,1.76
124,35,2.61
124,92,1.04
124,61,1.23
124,96,1.03
124,88,1.0
124,122,1.16
125,58,2.16
125,21,1.26
125,53,1.12
125,133,1.0
125,14,1.78
125,144,1.48
125,15,1.66
125,59,1.88
125,95,1.66
125,126,1.68
125,20,1.86
125,99,1.84
125,47,1.72
125,102,1.72
125,124,1.05
125,11,2.19
125,127,1.35
125,6,2.56
125,136,1.16
125,146,2.68
125,104,3.04
125,147,1.54
125,1,1.35
125,4,1.53
125,72,2.43
125,98,1.43
125,75,1.6
125,105,2.0
125,71,2.08
125,37,1.27
125,149,1.0
125,56,1.0
125,52,1.44
125,23,1.77
125,148,1.87
125,40,1.24
125,101,2.2
125,9,1.76
125,12,2.12
126,131,2.11
126,51,1.3
126,146,2.03
126,105,1.08
126,118,1.14
126,143,2.22
126,36,1.59
126,85,2.01
126,8,1.34
126,19,1.89
126,57,1.04
126,128,1.0
126,39,2.51
126,117,1.31
126,34,1.31
126,2,1.82
126,11,1.52
126,88,1.0
126,73,2.9
126,41,1.12
126,126,2.08
126,13,1.01
126,114,1.96
126,96,1.07
126,71,1.0
126,9,1.71
126,140,1.07
126,70,1.0
126,62,2.04
126,132,1.0
126,130,1.53
126,112,1.45
126,127,2.01
126,23,1.0
126,119,1.91
126,50,1.9
126,134,2.14
126,58,2.44
126,64,1.52
126,109,1.86
126,74,1.15
126,110,1.6
126,6,1.89
127,140,2.81
127,120,1.54
127,69,2.28
127,148,3.01
127,117,2.84
127,129,1.76
127,144,1.58
127,8,1.86
127,122,3.04
127,67,2.88
127,136,2.35
127,130,1.73
127,123,1.0
127,125,2.28
127,54,1.0
127,21,1.52
127,108,1.44
127,105,2.91
127,44,1.93
127,76,1.0
127,149,1.79
127,135,2.21
127,87,1.0
127,127,2.28
127,30,1.23
127,19,1.84
127,106,2.24
127,10,1.83
127,38,1.51
127,90,1.28
127,12,1.47
127,72,1.49
127,80,1.97
127,57,2.3
127,3,1.56
127,22,1.21
127,119,2.15
127,74,2.47
127,37,1.38
127,142,1.7
127,124,1.86
127,20,1.7
127,48,1.48
127,133,1.0
127,115,2.68
127,15,2.05
127,60,1.13
127,1,1.15
127,111,1.11
127,25,1.27
127,51,1.45
127,32,1.19
127,24,1.47
127,118,2.21
127,9,2.31
127,79,1.28
127,100,1.81
127,92,1.08
127,52,1.93
127,116,1.46
127,113,2.17
128,74,2.63
128,53,2.29
128,9,1.82
128,11,2.0
128,14,2.94
128,28,1.0
128,146,2.2
128,43,2.34
128,120,1.35
128,4,1.35
128,49,1.43
128,135,1.85
128,122,2.01
128,19,2.15
128,145,1.66
128,63,2.58
128,100,1.99
128,20,2.6
128,33,1.49
128,71,2.17
128,102,1.85
128,44,1.29
128,132,2.25
128,115,1.52
128,86,1.81
128,75,1.32
129,4,1.0
129,14,3.21
129,70,2.44
129,142,3.23
129,35,1.87
129,104,2.22
129,127,1.28
129,140,1.87
129,45,1.86
129,141,2.73
129,91,3.08
129,74,1.67
129,116,2.1
129,33,1.48
129,124,1.91
129,95,1.77
129,121,1.27
129,132,3.96
129,8,1.0
129,134,1.11
129,92,2.21
129,137,2.04
129,56,1.0
129,112,1.27
129,54,1.29
129,6,2.73
129,135,1.42
129,118,1.79
129,68,1.54
129,81,1.39
129,27,2.46
129,62,1.2
129,21,2.42
129,114,1.01
129,49,1.7
129,111,3.27
129,65,2.72
129,12,2.63
130,141,2.42
130,36,2.0
130,126,1.86
130,135,1.73
130,107,1.87
130,29,1.7
130,37,1.73
130,145,1.55
130,9,1.79
130,13,3.07
130,146,1.0
130,114,1.3
130,110,1.18
130,20,1.74
130,71,1.93
130,127,1.76
130,49,2.58
130,27,1.94
130,2,2.4
130,91,2.96
130,44,1.43
130,130,1.3
130,42,1.0
130,19,1.65
130,143,1.94
130,99,1.52
130,139,1.87
130,68,1.55
130,28,1.42
130,70,2.01
130,117,1.0
130,1,1.21
130,56,1.0
130,149,1.0
130,87,1.32
130,45,2.15
130,47,2.4
130,66,1.81
130,67,1.58
130,77,2.37
130,74,1.35
130,78,1.79
131,23,1.2
131,18,1.51
131,107,1.29
131,27,2.18
131,26,1.19
131,91,2.06
131,6,2.49
131,5,2.5
131,67,2.1
131,58,1.97
131,83,1.38
131,149,1.87
131,88,1.64
131,139,2.23
131,73,2.5
131,120,1.48
131,97,1.4
131,140,2.06
131,1,1.91
131,136,1.47
131,75,2.35
131,92,2.11
131,69,1.79
131,42,1.42
131,10,1.08
131,142,1.66
131,95,1.0
131,131,1.98
131,46,1.62
131,44,1.69
131,53,1.1
131,39,2.79
131,132,1.64
131,55,1.65
131,93,1.0
131,105,1.94
131,81,1.0
131,12,1.37
131,146,2.0
131,115,1.77
131,54,1.82
131,80,2.27
131,50,1.54
131,137,1.04
131,30,1.72
131,17,1.61
131,85,1.4
131,127,2.33
131,150,1.2
131,102,1.0
131,122,2.13
131,11,1.09
131,124,1.19
131,118,1.11
131,3,1.36
131,34,1.0
131,59,2.29
132,62,1.0
132,71,3.04
132,99,3.02
132,114,1.87
132,12,1.77
132,59,2.45
132,149,1.78
132,3,2.51
132,40,1.87
132,70,1.06
132,37,1.84
132,4,1.4
132,78,2.26
132,96,1.44
132,61,2.02
132,54,2.13
132,148,1.0
132,115,2.34
132,43,1.64
132,121,1.99
132,120,1.86
132,97,1.93
132,66,1.06
132,46,1.89
132,72,1.55
132,27,1.36
132,22,2.04
132,150,1.0
132,24,2.5
132,30,1.41
132,100,1.02
132,112,1.62
132,77,2.16
132,6,1.3
132,91,1.09
132,89,1.64
132,47,2.19
132,132,2.19
132,81,2.93
132,38,2.81
132,15,1.0
132,17,2.76
132,136,1.0
132,138,1.13
132,145,1.82
132,126,1.92
133,89,1.0
133,150,1.73
133,122,2.08
133,140,2.12
133,103,2.08
133,133,1.51
133,77,2.18
133,20,2.37
133,107,1.87
133,91,1.36
133,74,1.81
133,41,1.12
133,120,1.12
133,125,2.01
133,54,2.48
133,18,1.52
133,26,1.7
133,75,1.79
133,14,1.49
133,109,1.49
133,121,1.15
133,83,1.73
133,136,2.23
133,143,1.12
133,68,1.15
133,15,2.27
133,35,2.3
133,100,1.38
133,62,1.13
133,104,1.36
133,102,1.93
133,92,1.85
133,25,1.28
133,43,1.87
133,56,1.45
133,98,1.1
133,76,1.19
133,8,1.57
133,30,1.99
133,22,1.0
133,12,1.27
133,48,1.64
133,19,1.58
133,40,1.25
133,4,1.33
133,42,1.41
133,51,1.21
133,32,1.54
133,84,1.43
133,66,2.24
133,139,1.97
133,142,2.37
133,114,1.73
133,38,1.98
133,73,1.37
133,53,2.24
133,126,1.78
133,6,1.65
133,106,1.98
133,78,1.6
133,50,1.43
134,10,1.0
134,148,2.29
134,140,2.98
134,145,2.08
134,12,1.65
134,42,1.33
134,139,1.0
134,17,2.14
134,68,1.08
134,52,1.17
134,137,2.55
134,77,2.1
134,46,2.16
134,78,1.37
134,19,2.21
134,113,1.56
134,95,1.63
134,92,1.53
134,66,2.15
134,144,1.06
134,63,1.53
134,75,2.28
134,58,1.21
134,123,1.0
134,18,1.96
134,73,1.39
134,150,1.0
134,115,1.0
134,135,2.01
134,57,1.24
134,99,1.72
134,116,1.84
134,36,1.39
134,76,1.68
134,20,1.94
134,32,1.0
134,130,1.41
134,24,1.24
134,120,1.46
135,114,1.69
135,32,1.67
135,68,1.84
135,81,2.27
135,65,2.01
135,134,1.19
135,27,1.5
135,117,1.28
135,118,2.0
135,70,1.46
135,80,1.0
135,24,2.24
135,31,1.27
135,79,1.73
135,37,1.34
135,122,1.71
135,93,1.44
135,10,1.18
135,58,1.76
135,131,1.0
135,45,1.46
135,109,1.93
135,15,1.0
135,141,2.6
135,74,1.74
135,85,1.89
135,111,1.69
135,3,1.62
135,25,1.64
135,30,1.0
135,97,1.08
135,136,2.04
135,11,1.07
135,130,1.14
135,124,1.1
135,12,2.23
135,23,1.0
135,56,1.28
135,19,1.59
135,115,1.14
135,76,1.35
135,110,1.0
135,47,1.76
135,133,1.34
135,100,1.0
135,55,1.74
135,46,1.77
135,148,1.31
135,69,1.59
135,140,2.18
136,122,2.26
136,14,1.37
136,13,1.19
136,57,1.25
136,97,2.03
136,2,1.64
136,81,2.18
136,148,2.78
136,132,1.23
136,35,1.77
136,83,2.22
136,25,2.05
136,40,1.0
136,140,1.45
136,150,1.08
136,31,1.18
136,63,2.7
136,71,2.23
136,22,1.0
136,69,2.39
136,130,1.16
136,116,1.15
136,127,2.49
136,24,2.18
136,136,2.48
136,9,1.83
136,21,1.87
136,124,1.29
136,4,1.05
136,125,1.63
136,92,1.0
136,119,1.53
136,15,2.41
136,84,1.23
136,53,1.97
136,117,2.76
136,74,2.05
136,139,1.53
136,107,2.03
136,51,1.16
136,73,1.56
136,39,1.51
136,118,1.37
136,98,1.68
136,100,1.89
136,18,1.0
136,1,1.53
136,115,2.63
136,89,1.74
136,141,2.24
136,88,1.0
136,34,1.07
137,78,1.0
137,58,1.99
137,16,1.24
137,29,1.79
137,76,1.05
137,68,1.54
137,123,1.54
137,49,1.76
137,143,2.44
137,45,1.4
137,51,2.69
137,131,1.0
137,50,2.18
137,62,3.03
137,14,2.07
137,47,2.39
137,82,1.81
137,129,1.29
137,89,1.07
137,75,2.13
137,145,1.39
137,19,1.77
137,120,1.4
137,20,2.76
137,116,1.88
137,85,1.15
137,42,1.22
137,136,1.91
137,73,1.8
137,2,1.0
137,10,1.21
137,102,1.36
137,109,2.37
137,38,1.96
137,114,1.03
137,48,1.0
137,13,1.43
137,63,1.36
137,84,1.41
137,146,2.55
137,94,1.72
137,31,1.0
137,46,2.2
137,140,2.98
137,135,2.23
137,7,1.54
137,132,1.41
137,115,1.85
137,52,1.65
137,103,1.43
137,67,1.75
137,104,1.69
137,27,1.51
137,66,1.71
137,122,2.11
137,96,1.02
137,118,2.95
137,81,2.17
137,57,1.0
137,113,2.07
137,12,1.43
137,148,1.5
137,142,2.44
137,130,1.36
137,133,1.09
137,71,1.73
138,9,1.53
138,80,2.13
138,146,2.49
138,64,1.0
138,74,1.13
138,148,2.88
138,122,2.19
138,121,1.47
138,79,2.02
138,138,2.59
138,92,1.93
138,105,2.58
138,123,1.0
138,63,1.1
138,145,2.75
138,149,1.3
138,94,1.36
138,38,1.0
138,51,1.44
138,16,1.63
138,126,1.82
138,17,1.54
138,117,1.8
138,133,1.0
138,19,2.04
138,41,1.81
138,61,1.09
138,129,2.11
138,77,1.42
138,22,1.69
138,42,1.12
138,73,1.89
138,7,1.37
138,102,1.47
138,6,2.03
138,131,2.46
138,27,1.58
138,91,1.31
138,118,2.19
138,76,1.41
139,138,1.75
139,25,1.19
139,36,1.0
139,91,2.35
139,51,1.7
139,110,1.0
139,77,2.35
139,42,1.2
139,63,1.17
139,105,2.13
139,118,1.57
139,56,1.18
139,14,1.31
139,54,1.65
139,94,1.0
139,115,1.7
139,133,1.18
139,144,1.67
139,78,1.44
139,41,1.0
139,84,1.42
139,80,1.07
139,116,1.0
139,117,1.0
139,45,1.55
139,134,2.09
139,136,2.09
140,62,1.81
140,81,1.59
140,18,1.32
140,107,1.0
140,147,2.08
140,20,2.13
140,23,1.0
140,94,1.42
140,102,1.62
140,92,1.65
140,34,1.21
140,127,2.34
140,17,1.11
140,52,1.0
140,114,1.46
140,91,1.0
140,90,1.58
140,104,1.82
140,97,1.56
140,133,1.54
140,85,2.31
140,118,1.16
140,40,1.0
140,45,1.0
140,73,3.16
140,115,1.27
140,15,2.86
140,68,2.21
140,125,1.52
140,150,1.79
140,71,1.0
140,57,1.0
140,74,2.38
140,13,1.07
140,131,1.14
140,82,1.85
140,64,2.23
140,6,1.81
140,78,2.01
140,53,2.1
140,100,1.0
140,86,2.22
140,135,2.04
140,56,1.0
140,55,1.58
140,67,1.86
140,124,2.12
140,88,1.78
140,141,1.82
140,72,1.0
140,8,2.36
140,31,1.36
140,29,2.25
140,65,1.0
140,39,1.0
140,3,2.01
140,66,1.7
140,105,1.15
140,47,1.37
140,122,1.68
140,24,1.8
140,12,1.52
140,142,1.6
140,140,2.0
140,58,2.06
140,59,1.0
141,41,1.87
141,39,2.18
141,93,1.0
141,67,1.91
141,29,1.37
141,120,1.58
141,83,1.86
141,81,1.06
141,34,1.66
141,110,2.17
141,131,2.09
141,32,1.29
141,127,2.28
141,123,1.06
141,92,1.88
141,58,2.42
141,122,2.55
141,75,1.69
141,38,1.43
141,66,1.78
141,72,3.06
141,79,1.0
141,138,2.16
141,47,1.06
141,146,1.67
141,3,1.81
141,145,1.11
141,109,2.13
141,85,1.37
141,129,2.29
141,19,1.58
141,135,1.0
141,99,1.43
141,6,1.62
141,8,1.38
141,143,1.61
141,64,1.54
141,108,1.0
141,1,1.0
141,119,1.87
141,73,1.19
141,140,2.86
141,78,1.17
141,118,1.0
142,115,2.33
142,149,1.09
142,65,1.16
142,25,1.8
142,125,1.78
142,105,1.39
142,22,2.08
142,50,1.25
142,82,2.04
142,109,1.35
142,118,1.65
142,24,1.0
142,35,2.05
142,112,1.0
142,18,2.49
142,75,2.43
142,81,1.32
142,52,1.0
142,120,1.59
142,9,2.05
142,95,1.83
142,130,1.82
142,32,1.28
142,121,2.57
142,29,1.76
142,6,1.03
142,26,1.0
142,63,2.12
142,23,1.35
142,30,1.0
142,10,1.0
142,2,1.46
142,107,1.0
142,69,1.43
142,8,1.58
142,142,2.12
142,98,1.4
142,41,1.7
142,67,1.29
142,74,1.67
142,85,2.54
142,128,2.15
142,86,2.14
142,147,2.37
142,108,1.21
142,100,1.36
142,111,1.04
142,114,1.92
142,4,1.46
142,20,1.95
142,36,2.33
142,48,1.37
142,137,1.0
142,104,1.43
142,27,1.75
142,64,2.0
142,45,1.04
143,137,2.07
143,20,2.01
143,9,2.22
143,77,1.12
143,81,2.46
143,40,1.02
143,147,1.57
143,38,1.87
143,41,1.27
143,124,1.71
143,141,1.0
143,4,1.53
143,56,1.64
143,34,1.0
143,79,1.84
143,105,1.0
143,62,1.59
143,116,1.04
143,37,1.52
143,29,2.14
143,123,1.0
143,8,2.74
143,23,1.43
143,3,1.58
143,83,2.29
143,92,1.61
143,64,2.27
143,126,2.51
143,148,3.29
143,59,2.11
143,121,1.43
143,50,1.58
143,143,1.3
143,28,1.62
143,18,1.84
143,90,2.27
143,91,1.65
143,25,1.1
143,110,1.37
143,42,2.3
143,142,1.53
143,39,1.31
143,5,1.0
143,94,1.42
143,35,2.22
143,100,1.26
143,71,1.32
144,10,1.58
144,37,1.71
144,119,2.14
144,70,1.46
144,3,1.74
144,9,2.15
144,137,1.76
144,143,1.66
144,97,1.71
144,30,1.12
144,59,1.71
144,47,1.79
144,117,1.62
144,80,1.36
144,58,1.58
144,129,2.73
144,67,1.81
144,64,2.06
144,73,1.0
144,90,1.58
144,133,1.0
144,69,1.76
144,139,1.39
144,62,2.16
144,51,1.01
144,46,2.11
144,126,1.39
144,11,1.76
144,53,1.6
144,39,1.84
144,111,1.0
144,122,2.07
144,50,1.0
144,138,2.05
144,18,1.0
144,142,1.02
144,121,1.77
144,107,1.21
144,116,1.93
144,54,1.56
144,42,2.13
144,60,1.51
144,27,1.61
144,109,2.64
144,74,2.19
145,49,1.49
145,102,2.0
145,37,1.23
145,68,1.71
145,140,2.09
145,125,2.01
145,84,1.57
145,88,1.67
145,133,1.0
145,130,1.07
145,13,1.82
145,71,2.19
145,30,1.62
145,45,1.0
145,92,2.73
145,120,1.38
145,138,2.02
145,65,1.0
145,64,1.4
145,24,1.76
145,31,1.48
145,15,1.23
145,147,1.08
145,20,1.39
145,115,2.05
145,81,1.79
145,131,1.6
145,142,1.33
145,39,2.2
146,6,1.97
146,7,1.67
146,14,1.26
146,120,1.0
146,21,1.57
146,27,1.93
146,86,1.85
146,145,2.39
146,82,1.81
146,111,1.0
146,30,1.0
146,138,1.24
146,10,1.52
146,46,2.58
146,68,1.82
146,37,2.67
146,99,2.11
146,101,1.0
146,35,1.28
146,3,1.5
146,1,1.09
146,136,1.6
146,92,1.0
146,17,2.11
146,123,1.0
146,122,1.54
147,3,2.36
147,138,1.27
147,114,2.77
147,69,3.23
147,125,3.12
147,95,1.66
147,86,1.1
147,56,1.0
147,101,3.02
147,26,1.74
147,79,1.64
147,21,1.62
147,74,2.77
147,30,1.0
147,40,1.96
147,120,1.34
147,47,1.2
147,17,1.0
147,60,1.0
147,140,1.95
147,104,1.34
147,87,1.0
147,124,1.84
147,100,1.0
147,119,1.6
147,96,2.46
147,48,2.7
147,6,1.45
147,19,2.43
147,78,2.14
147,146,1.67
147,115,2.02
147,135,1.12
147,109,2.37
147,77,2.69
147,32,1.0
147,49,2.62
147,34,1.7
147,136,2.03
147,62,2.23
147,121,2.14
147,11,1.71
147,80,1.21
147,97,1.45
147,65,1.11
147,73,1.23
147,113,1.28
147,7,1.13
147,4,2.92
147,127,1.93
147,20,1.95
147,108,2.42
147,36,1.46
147,59,1.17
147,46,1.0
147,75,2.18
147,123,1.23
147,133,1.37
147,38,2.74
147,54,1.45
147,126,1.1
147,16,1.0
147,23,1.57
147,72,1.37
148,45,1.4
148,44,1.12
148,97,1.34
148,62,1.71
148,129,1.63
148,66,2.15
148,93,1.86
148,59,1.44
148,41,1.94
148,72,1.71
148,114,1.7
148,144,1.17
148,8,1.11
148,80,1.36
148,16,1.29
148,127,2.82
148,132,2.13
148,84,1.53
148,26,2.22
148,117,1.9
148,126,2.32
148,87,1.4
148,43,1.66
148,67,1.79
148,102,1.76
148,60,1.0
148,119,1.72
148,121,1.56
148,108,1.27
148,131,2.71
148,38,1.58
148,118,2.5
148,29,1.52
148,19,1.58
148,92,1.54
148,65,1.0
148,34,1.0
148,123,1.98
148,130,2.79
148,134,1.19
148,91,1.48
148,128,1.52
148,54,2.51
148,136,1.47
148,140,2.16
148,96,1.0
148,56,1.06
148,39,2.46
148,47,2.02
148,20,1.96
148,7,1.0
148,138,1.52
148,89,1.44
148,135,1.0
148,58,2.38
148,31,1.0
148,37,1.4
149,74,1.93
149,121,1.89
149,111,1.15
149,114,1.89
149,65,2.06
149,143,1.88
149,61,1.2
149,118,1.6
149,34,1.08
149,95,3.07
149,70,1.46
149,39,2.46
149,56,1.74
149,24,1.53
149,148,1.3
149,96,1.0
149,26,1.25
149,91,2.56
149,108,1.41
149,89,1.92
149,7,1.0
149,30,2.62
149,115,1.38
149,113,1.0
149,3,3.07
149,120,1.7
149,67,1.88
149,104,1.38
149,40,1.61
149,147,1.26
149,38,1.33
149,117,1.29
149,41,1.18
149,43,2.51
149,110,1.72
149,42,1.69
149,5,1.93
149,131,1.37
149,78,2.04
149,46,2.27
149,94,1.0
149,140,1.38
149,60,1.0
149,145,1.14
149,119,1.02
149,73,1.0
149,66,1.89
149,16,1.18
149,92,2.48
149,8,2.36
150,68,2.31
150,2,1.82
150,88,1.0
150,85,2.56
150,21,1.39
150,39,1.39
150,1,1.18
150,64,2.65
150,72,1.99
150,31,1.36
150,78,2.84
150,119,1.83
150,46,1.59
150,50,1.08
150,80,1.74
150,37,2.39
150,56,1.92
150,69,2.22
150,63,2.83
150,124,2.66
150,143,1.62
150,74,2.4
150,149,2.04
150,111,1.0
150,42,1.82
150,36,1.0
150,25,1.12
150,117,2.0
150,49,1.83
150,99,1.47
150,120,1.0
150,109,2.34
150,10,2.57
150,77,1.59
150,104,2.59
150,81,2.05
150,118,1.0
150,9,1.32
150,126,1.67
150,54,1.68
150,23,2.07
150,108,1.0
150,44,1.05
150,48,1.21
150,57,1.0
150,66,1.03
150,93,1.0
150,103,2.1
150,65,1.28
150,79,1.49
150,18,1.83
150,86,1.0
150,135,1.36
150,73,1.59
150,141,1.0
150,20,1.54
150,113,1.0
150,107,1.55
150,102,1.75
151,57,1.29
151,130,2.0
151,79,1.51
151,66,1.66
151,114,1.94
151,135,1.0
151,122,1.65
151,75,2.92
151,56,1.05
151,99,2.67
151,147,1.0
151,71,1.63
151,101,1.62
151,47,1.7
151,15,1.38
151,42,1.74
151,3,1.68
151,77,2.36
151,59,2.06
151,102,1.42
151,93,1.02
151,29,1.25
151,33,1.08
151,2,1.76
151,146,2.29
151,5,1.74
151,54,2.07
151,97,1.92
151,60,1.0
151,109,2.2
151,91,1.0
151,78,1.69
151,131,2.0
151,18,1.43
151,70,1.47
151,38,2.27
152,122,3.51
152,8,1.83
152,100,1.27
152,147,1.34
152,58,3.27
152,140,3.82
152,39,3.98
152,3,1.51
152,105,4.33
152,51,1.74
152,138,3.38
152,119,4.29
152,125,1.28
152,131,3.45
152,106,1.0
152,67,3.86
152,88,1.27
152,80,3.21
152,66,1.58
152,77,1.28
152,72,3.53
152,30,1.35
152,127,3.8
152,142,1.22
152,143,1.65
152,136,2.43
152,5,3.32
152,71,1.47
152,84,1.0
152,117,3.72
152,32,1.53
152,148,3.5
152,85,1.54
152,137,1.28
152,50,1.0
152,41,3.86
152,17,1.35
152,74,1.16
152,38,1.75
152,14,1.0
152,118,1.72
152,44,3.27
152,87,1.26
152,20,1.68
152,70,1.27
152,97,1.33
152,59,1.08
152,46,1.85
152,21,1.0
152,83,1.0
153,122,1.0
153,125,1.17
153,134,1.41
153,87,1.0
153,95,3.03
153,113,1.97
153,31,1.0
153,60,2.11
153,137,1.3
153,82,1.99
153,7,1.5
153,64,1.75
153,24,2.23
153,85,2.58
153,79,1.78
153,77,1.08
153,3,2.94
153,70,1.0
153,4,2.2
153,99,1.7
153,19,2.49
153,138,1.11
153,97,2.2
153,34,1.21
153,62,2.83
153,15,1.0
153,104,2.08
153,118,2.57
153,96,1.0
153,136,2.11
153,135,2.68
153,8,1.47
153,29,1.0
153,56,1.64
153,83,1.72
153,43,1.79
153,119,3.24
153,2,1.94
153,1,1.4
153,126,1.0
153,112,1.57
153,133,1.67
153,5,1.51
153,42,1.93
153,18,1.56
153,143,2.84
153,61,1.14
153,106,1.41
153,35,1.89
153,6,1.88
153,121,1.49
153,109,2.66
153,27,1.44
153,73,2.38
153,91,1.94
153,100,1.0
153,45,1.27
153,116,2.63
153,105,1.87
153,93,1.0
154,103,2.3
154,111,1.78
154,35,2.2
154,105,1.11
154,54,2.46
154,12,2.23
154,53,2.03
154,19,1.75
154,126,2.75
154,39,2.66
154,84,1.0
154,47,3.95
154,22,3.07
154,92,1.14
154,114,1.01
154,72,1.21
154,7,2.52
154,16,1.86
154,14,2.04
154,99,3.34
154,21,1.85
154,144,2.04
154,131,1.83
154,18,3.19
154,24,1.48
154,145,2.95
154,17,2.74
154,104,1.0
154,100,1.21
154,36,1.58
154,46,2.6
154,38,2.57
154,117,1.61
154,109,1.0
154,98,1.0
154,74,1.22
154,81,3.05
154,61,1.91
154,64,1.31
154,123,1.0
154,51,1.03
154,101,1.35
154,75,2.99
154,37,2.39
154,146,1.4
154,71,2.18
154,138,1.55
154,122,1.8
154,136,1.0
154,3,1.5
154,78,1.24
154,45,1.35
154,50,1.64
154,49,1.0
154,69,1.39
154,97,2.76
154,56,1.14
154,63,1.2
154,108,1.44
154,1,1.0
154,121,1.26
155,118,2.6
155,6,1.0
155,124,1.83
155,110,1.48
155,135,1.54
155,96,1.14
155,141,1.39
155,55,1.34
155,111,1.0
155,41,1.48
155,138,1.67
155,119,1.0
155,130,1.9
155,54,2.43
155,127,1.66
155,46,2.75
155,145,1.48
155,5,1.72
155,92,1.92
155,19,1.4
155,109,1.27
155,123,3.05
155,103,1.0
155,61,1.9
155,50,1.5
155,32,1.92
155,11,2.14
155,76,1.36
155,81,1.72
155,65,1.0
155,142,1.74
155,3,1.66
155,128,1.39
155,115,1.88
155,106,2.52
155,73,1.0
155,29,2.41
155,126,1.05
156,70,1.0
156,46,1.72
156,86,2.2
156,21,2.61
156,44,1.65
156,73,2.82
156,35,2.58
156,9,2.33
156,87,2.02
156,58,2.32
156,57,1.0
156,150,1.94
156,19,1.58
156,24,2.68
156,136,1.3
156,141,2.17
156,103,1.66
156,78,1.0
156,38,1.72
156,53,2.99
156,127,1.82
156,12,2.74
156,120,1.65
156,128,1.16
156,107,1.61
156,115,1.0
156,111,1.62
156,4,1.0
156,138,1.54
156,22,1.89
156,146,1.95
156,13,1.14
156,32,2.45
156,106,2.73
156,27,1.03
156,3,1.01
156,95,1.26
156,90,1.79
156,80,1.73
156,62,1.09
156,50,2.59
156,145,1.22
157,54,1.68
157,111,1.62
157,58,1.22
157,94,1.9
157,138,1.85
157,129,2.42
157,79,2.29
157,110,1.71
157,59,1.0
157,120,1.51
157,24,2.0
157,8,1.31
157,83,1.43
157,31,1.41
157,112,1.78
157,14,2.03
157,3,1.37
157,104,2.36
157,77,1.46
157,143,1.84
157,36,2.38
157,17,1.72
157,4,1.0
157,69,1.07
157,11,1.75
157,141,2.21
157,107,1.36
157,18,2.08
157,13,1.25
157,53,2.59
157,90,2.23
157,50,2.15
157,40,1.27
157,148,1.88
157,19,1.42
157,46,1.0
157,65,1.77
157,95,2.64
157,92,2.11
157,21,2.12
157,121,1.95
157,32,1.11
157,47,2.09
157,71,1.84
157,23,1.06
157,49,1.97
157,149,1.16
157,45,1.27
157,118,2.51
157,64,2.07
157,131,2.27
157,76,1.67
157,135,1.25
157,123,1.99
157,97,1.51
157,41,1.0
158,97,1.88
158,73,1.0
158,105,1.95
158,137,1.33
158,69,2.44
158,117,1.64
158,135,1.08
158,122,2.09
158,5,2.14
158,1,1.43
158,111,1.32
158,145,1.19
158,48,1.52
158,121,1.0
158,123,1.0
158,130,1.78
158,106,1.78
158,25,1.31
158,104,2.42
158,93,1.07
158,55,1.75
158,36,2.15
158,26,1.68
158,66,1.9
158,146,1.67
158,103,1.67
158,50,1.0
158,11,2.16
158,53,2.26
158,125,2.04
158,60,1.07
158,19,2.14
158,132,1.05
158,3,1.0
158,72,2.48
158,12,2.02
158,33,2.48
158,148,2.38
158,128,1.25
158,114,2.22
158,101,1.0
159,131,2.24
159,92,1.59
159,114,2.66
159,35,2.33
159,28,1.03
159,44,1.68
159,78,1.78
159,67,2.12
159,132,1.0
159,3,2.0
159,15,2.05
159,52,1.0
159,30,2.23
159,64,2.1
159,111,1.0
159,149,1.38
159,43,1.96
159,118,1.92
159,109,1.88
159,90,1.31
159,128,1.2
159,6,1.87
159,148,1.73
159,145,1.36
159,4,1.68
159,77,1.62
159,41,2.3
159,147,1.29
159,42,1.06
159,2,1.17
159,89,1.75
159,129,1.8
159,96,1.6
159,100,1.55
159,12,1.01
159,110,1.35
159,65,1.13
159,73,1.74
159,115,1.72
159,105,1.77
159,68,1.69
159,82,1.9
159,102,1.77
159,93,1.22
159,47,1.81
159,37,1.43
159,18,1.83
159,107,1.3
159,143,2.15
159,76,1.01
159,101,1.45
159,106,1.44
160,52,1.0
160,35,2.02
160,122,1.0
160,74,1.89
160,67,1.54
160,108,1.7
160,143,1.67
160,49,2.23
160,10,1.0
160,17,1.26
160,129,2.49
160,128,1.41
160,75,2.52
160,21,2.72
160,82,1.57
160,103,1.09
160,53,2.17
160,14,2.14
160,51,1.96
160,147,2.22
160,30,1.06
160,140,1.58
160,73,2.95
160,102,1.13
160,131,1.99
160,86,2.33
160,9,2.95
160,43,1.47
160,123,1.4
160,90,2.41
160,44,1.0
160,38,2.0
160,126,2.62
160,66,1.23
160,45,1.66
160,69,2.05
160,141,1.78
161,14,1.43
161,146,3.16
161,23,1.44
161,122,1.79
161,3,1.71
161,58,2.81
161,75,2.63
161,6,1.87
161,112,1.0
161,42,1.88
161,79,1.38
161,121,1.2
161,87,1.08
161,67,2.8
161,53,1.0
161,8,2.08
161,140,1.99
161,95,1.47
161,65,1.23
161,28,1.33
161,63,2.05
161,38,2.02
161,80,1.48
161,120,1.82
161,88,1.27
161,1,1.34
161,117,1.09
161,71,1.17
161,135,1.59
161,20,2.35
161,46,1.96
161,7,1.0
161,64,2.3
161,72,1.92
161,49,3.18
161,60,1.63
161,68,1.18
161,109,1.9
161,148,1.5
161,5,1.13
161,59,2.43
161,130,2.59
161,93,1.7
161,147,1.63
161,111,1.29
161,113,1.41
161,16,1.0
161,41,1.0
161,96,1.35
161,85,1.78
161,118,1.48
161,149,1.21
161,32,2.46
161,70,1.0
161,134,2.28
161,131,1.45
162,62,1.55
162,74,1.47
162,106,1.9
162,47,3.23
162,115,1.79
162,53,1.62
162,90,1.2
162,128,1.0
162,6,1.95
162,36,2.0
162,86,1.78
162,17,1.67
162,30,1.83
162,93,1.49
162,7,1.41
162,18,1.42
162,60,1.34
162,145,1.88
162,83,1.63
162,63,1.51
162,87,1.96
162,94,1.25
162,40,1.0
162,75,2.2
162,99,1.12
162,125,1.12
162,91,1.69
162,98,1.16
162,35,2.46
162,141,1.65
162,52,1.93
162,92,1.99
162,131,1.31
162,136,2.27
162,20,3.0
162,21,1.84
162,135,1.67
162,38,2.26
162,101,1.17
162,70,1.57
162,142,2.78
162,123,1.81
163,78,1.4
163,55,1.66
163,116,2.17
163,79,1.46
163,34,2.03
163,5,1.74
163,121,1.93
163,129,1.0
163,38,2.05
163,56,1.41
163,107,1.28
163,29,1.0
163,146,1.49
163,9,1.0
163,10,1.14
163,50,1.0
163,40,1.57
163,42,1.97
163,149,1.24
163,73,1.61
163,19,2.23
163,147,1.0
163,39,1.63
163,11,1.37
163,4,1.64
163,140,2.15
163,3,2.44
163,113,2.46
163,49,2.06
163,43,2.04
163,110,1.51
164,135,1.86
164,61,1.0
164,114,2.73
164,138,1.46
164,47,1.0
164,49,1.44
164,83,1.02
164,62,1.64
164,115,1.17
164,82,1.72
164,30,1.32
164,54,2.17
164,102,1.2
164,8,1.96
164,52,1.11
164,3,2.5
164,123,1.77
164,16,1.8
164,11,1.59
164,119,1.54
164,12,2.09
164,103,2.07
164,58,2.04
164,124,1.79
164,26,1.56
164,32,1.38
164,140,1.89
164,125,1.91
164,42,1.63
164,29,1.62
164,23,1.0
164,31,1.76
164,134,1.22
164,6,1.82
164,64,2.32
164,120,1.74
164,37,1.5
164,133,2.36
164,111,1.72
164,148,1.29
164,127,1.29
164,39,1.44
164,69,1.21
164,104,1.72
165,36,1.49
165,54,1.03
165,136,2.03
165,65,1.0
165,103,1.71
165,135,2.23
165,132,1.44
165,3,1.5
165,24,1.89
165,138,1.55
165,86,2.65
165,74,1.74
165,10,1.0
165,6,1.0
165,144,1.48
165,121,1.01
165,34,1.85
165,37,1.23
165,85,1.87
165,134,1.02
165,46,2.07
165,52,1.24
165,83,2.55
165,8,2.58
165,59,1.0
165,84,1.0
165,2,1.26
165,99,1.82
165,110,1.0
165,123,1.34
165,128,1.77
165,104,1.88
165,49,2.94
165,66,2.39
165,15,2.42
165,109,2.42
165,9,1.66
165,67,1.79
165,78,1.74
166,25,1.19
166,65,1.0
166,74,3.51
166,103,3.46
166,140,1.46
166,99,1.98
166,147,1.38
166,39,1.51
166,35,1.68
166,54,1.32
166,116,3.09
166,29,1.18
166,31,1.0
166,64,3.24
166,57,1.12
166,95,3.52
166,124,3.1
166,22,1.0
166,82,3.82
166,15,3.22
166,37,2.79
166,55,1.26
166,85,3.34
166,118,1.66
166,107,1.07
166,60,3.09
166,7,1.52
166,49,1.44
166,38,1.1
166,125,1.53
166,105,1.38
166,150,1.34
166,79,1.3
166,131,1.41
166,11,1.33
166,40,1.0
166,41,1.32
166,102,1.71
166,27,2.89
166,56,1.42
166,26,1.0
166,119,3.77
166,68,3.37
166,143,2.9
166,136,1.35
166,20,2.02
166,96,1.63
166,117,1.24
166,12,1.46
166,83,1.08
166,129,1.21
166,71,1.89
166,139,1.0
166,6,1.65
166,138,1.0
166,146,1.0
166,16,1.55
166,62,3.98
166,90,1.33
167,124,2.24
167,131,1.0
167,98,1.22
167,65,1.26
167,115,3.25
167,97,1.28
167,117,1.72
167,78,3.13
167,144,1.52
167,49,2.63
167,91,1.26
167,120,1.61
167,135,1.71
167,143,1.64
167,67,1.41
167,106,2.87
167,99,1.99
167,31,1.3
167,69,3.15
167,137,2.36
167,121,2.25
167,77,2.47
167,26,1.72
167,68,1.61
167,24,1.99
167,11,1.17
167,136,1.8
167,15,2.66
167,108,2.2
167,12,1.85
167,39,1.31
167,29,3.27
167,81,2.51
167,76,1.0
167,122,1.55
167,139,1.94
167,118,1.0
167,147,1.48
168,143,2.56
168,6,2.59
168,91,2.34
168,7,1.58
168,68,1.85
168,55,1.29
168,99,2.89
168,109,2.24
168,31,2.06
168,24,2.57
168,62,2.58
168,32,1.09
168,98,1.68
168,77,2.4
168,120,2.14
168,146,1.96
168,54,1.09
168,135,2.77
168,113,1.04
168,14,1.56
168,121,1.45
168,72,1.99
168,102,1.44
168,101,1.24
168,132,1.18
168,110,1.92
168,119,1.9
168,43,1.89
169,112,1.16
169,25,1.0
169,50,1.59
169,121,1.35
169,138,2.41
169,8,1.5
169,12,1.31
169,142,1.07
169,26,1.57
169,148,2.93
169,128,1.52
169,20,2.22
169,17,1.43
169,44,2.11
169,87,1.0
169,41,2.2
169,100,1.34
169,129,2.48
169,107,3.17
169,99,2.23
169,108,1.0
169,38,1.52
169,119,2.26
169,105,2.8
169,3,1.38
169,145,1.69
169,73,1.0
169,14,1.1
169,64,2.53
169,54,1.33
169,52,1.08
169,123,1.19
169,106,1.43
169,22,1.11
169,115,1.82
169,117,2.71
169,82,1.1
169,149,2.35
169,49,1.91
169,9,2.51
169,5,2.29
169,57,2.52
169,80,1.92
169,13,1.25
169,92,1.66
169,135,1.85
169,124,1.79
169,103,1.18
170,50,2.5
170,145,1.4
170,29,1.84
170,109,2.32
170,81,2.0
170,147,2.15
170,150,1.49
170,121,2.01
170,16,1.23
170,69,1.06
170,129,1.97
170,95,1.79
170,134,2.37
170,49,1.36
170,30,1.14
170,104,2.16
170,72,2.19
170,7,1.33
170,112,1.58
170,62,3.18
170,68,2.07
170,73,3.09
170,22,1.66
170,113,1.58
170,38,1.64
170,25,1.78
170,11,1.9
170,108,1.26
170,143,1.55
170,89,1.22
170,122,2.09
170,64,2.11
170,110,1.22
170,66,1.22
170,79,1.85
170,118,1.46
170,35,2.54
170,107,1.23
170,15,1.97
170,12,1.7
170,94,2.03
170,21,1.59
170,149,1.06
170,144,1.0
170,3,1.65
170,106,1.86
170,37,1.02
170,51,1.0
170,34,1.0
170,126,2.17
171,135,1.89
171,34,1.41
171,48,1.76
171,106,1.93
171,12,1.6
171,143,1.64
171,5,1.65
171,129,1.51
171,57,1.41
171,25,1.89
171,59,1.93
171,147,1.2
171,80,1.28
171,11,1.0
171,142,1.46
171,24,1.85
171,10,1.3
171,9,1.69
171,127,2.46
171,26,2.2
171,29,1.67
171,95,2.06
171,46,1.22
171,90,1.0
171,39,2.05
171,75,2.0
171,53,2.43
171,97,1.64
171,118,2.14
171,55,1.0
171,121,1.14
171,146,1.43
171,37,1.81
171,94,1.54
171,33,1.0
171,15,1.58
171,47,2.28
171,58,1.94
171,111,1.75
171,1,1.83
171,140,2.54
171,40,1.6
171,45,2.06
171,22,1.9
171,137,1.66
171,42,1.44
171,141,2.06
171,50,1.39
171,122,1.86
171,3,1.96
171,78,1.18
172,35,1.33
172,40,1.17
172,34,1.0
172,102,1.99
172,112,1.1
172,69,1.35
172,149,1.95
172,134,1.24
172,15,3.07
172,70,1.09
172,136,1.93
172,33,1.74
172,60,2.21
172,142,1.78
172,118,1.92
172,125,1.06
172,132,1.0
172,25,1.02
172,105,1.62
172,121,1.49
172,8,1.89
172,26,1.55
172,113,1.09
172,104,1.69
172,49,1.13
172,93,1.8
172,6,1.62
172,140,1.65
172,83,2.21
173,17,1.82
173,148,1.59
173,67,1.48
173,6,1.83
173,126,2.08
173,139,1.36
173,80,1.24
173,104,2.41
173,116,2.0
173,109,1.0
173,72,1.05
173,124,1.71
173,77,1.68
173,38,2.22
173,2,1.0
173,53,2.61
173,14,1.76
173,12,2.23
173,68,1.55
173,142,1.71
173,39,1.6
173,123,1.26
173,60,1.71
173,112,1.82
173,79,1.76
173,89,1.13
173,24,2.4
173,91,1.77
173,7,1.73
173,29,1.04
174,112,1.0
174,62,2.94
174,3,1.83
174,25,1.99
174,2,2.08
174,83,1.58
174,24,2.18
174,97,1.57
174,144,2.15
174,149,1.7
174,127,1.15
174,67,1.79
174,82,1.76
174,75,1.73
174,131,1.5
174,102,1.71
174,96,1.43
174,33,1.68
174,23,1.97
174,134,3.14
174,27,1.8
174,11,1.44
174,95,2.47
174,109,1.81
174,19,1.52
175,19,3.01
175,146,2.67
175,62,2.79
175,136,4.36
175,113,2.7
175,54,2.86
175,87,2.14
175,2,1.18
175,143,2.94
175,49,1.45
175,135,3.55
175,6,2.78
175,22,1.0
175,149,1.3
175,7,1.33
175,28,1.32
175,119,3.03
175,92,2.45
175,69,1.0
175,32,2.07
175,29,2.58
175,46,2.15
175,55,1.0
175,20,2.84
175,93,1.2
175,60,1.67
175,107,1.0
175,88,1.22
175,5,1.0
175,104,1.51
175,120,1.23
175,109,2.85
175,121,1.36
175,35,1.51
175,144,1.04
175,43,1.56
175,51,3.31
175,86,1.42
176,139,2.24
176,46,2.84
176,85,2.6
176,127,1.25
176,77,2.19
176,111,1.0
176,110,1.79
176,118,1.55
176,122,1.0
176,59,1.68
176,54,3.02
176,121,1.35
176,89,2.17
176,62,1.74
176,33,1.7
176,68,2.69
176,145,1.65
176,45,1.44
176,43,2.9
176,25,1.12
176,70,1.59
176,44,1.24
176,100,1.14
176,26,1.59
176,39,2.74
176,11,1.0
176,7,1.51
176,123,2.95
176,135,1.53
176,114,1.82
176,128,1.0
176,16,1.18
176,134,1.54
176,91,1.98
176,53,1.0
176,42,1.42
176,22,1.48
176,78,2.52
176,148,1.17
176,4,1.24
176,92,1.89
177,24,1.14
177,80,1.0
177,68,2.37
177,46,2.36
177,33,2.22
177,130,1.69
177,147,1.53
177,54,2.2
177,104,1.92
177,131,1.64
177,3,2.7
177,136,1.95
177,77,1.91
177,85,2.3
177,82,2.05
177,36,1.01
177,117,1.56
177,109,1.58
177,12,1.25
177,143,1.57
177,133,2.19
177,95,2.51
177,30,2.3
177,53,1.76
177,22,1.29
177,124,1.05
177,116,1.11
177,6,2.41
177,144,1.45
177,100,1.19
177,134,1.86
177,48,1.9
177,23,1.0
177,4,1.19
177,103,1.0
177,51,1.34
177,5,2.48
177,15,1.33
177,99,2.6
177,139,2.65
177,63,1.75
177,146,2.02
177,106,1.95
177,108,1.0
177,92,1.77
177,148,1.65
177,43,2.61
177,114,2.88
177,62,3.09
177,26,1.52
177,110,1.56
178,93,1.48
178,20,1.59
178,104,2.54
178,137,1.46
178,77,1.83
178,143,1.0
178,65,2.19
178,129,1.14
178,115,2.38
178,14,1.59
178,138,1.71
178,52,1.62
178,118,1.84
178,34,1.81
178,6,1.95
178,31,1.09
178,71,2.58
178,9,1.78
178,23,1.0
178,73,1.0
178,124,1.0
178,116,1.44
178,51,2.17
178,68,1.0
178,149,1.59
178,47,2.63
178,70,2.07
178,94,1.0
178,106,1.53
178,67,1.12
178,26,2.98
178,62,1.56
178,66,1.82
178,96,1.09
178,142,2.06
179,113,1.15
179,95,1.34
179,64,1.83
179,122,2.19
179,141,1.98
179,116,1.03
179,143,1.23
179,71,2.39
179,139,1.51
179,132,1.6
179,125,2.45
179,78,2.24
179,85,2.33
179,69,2.08
179,102,1.8
179,53,2.19
179,114,2.3
179,59,1.89
179,25,1.01
179,42,1.5
179,99,2.1
179,62,1.98
179,5,1.34
179,54,1.48
179,61,1.0
179,39,1.0
179,48,1.94
179,108,2.08
179,144,2.07
179,20,1.5
179,51,1.16
179,12,1.75
179,3,1.88
179,35,1.39
179,90,1.68
179,84,1.0
179,127,2.37
179,65,1.0
179,43,1.58
179,82,2.0
179,11,1.38
179,8,1.23
179,73,2.5
180,15,2.16
180,146,2.07
180,89,1.0
180,118,2.4
180,147,1.33
180,123,2.39
180,62,2.23
180,127,1.5
180,64,2.38
180,17,2.9
180,85,2.74
180,137,1.0
180,117,1.13
180,61,1.38
180,69,1.55
180,102,1.34
180,51,1.34
180,28,1.0
180,46,1.17
180,148,1.0
180,39,1.34
180,24,2.48
180,11,2.52
180,112,2.43
180,82,2.16
180,86,1.0
180,8,2.37
180,136,1.71
180,90,2.22
180,31,1.07
180,30,2.31
180,35,1.73
180,10,1.99
180,108,1.0
180,58,1.48
180,83,1.25
180,54,2.92
180,76,1.24
180,128,1.0
180,42,2.64
180,119,2.82
181,84,1.23
181,139,1.06
181,2,1.14
181,135,1.58
181,83,2.32
181,24,2.44
181,130,1.21
181,68,1.46
181,77,1.13
181,18,1.37
181,102,2.48
181,106,1.72
181,127,2.09
181,128,1.0
181,7,1.26
181,118,2.11
181,53,1.76
181,63,2.09
181,114,1.42
181,148,2.25
181,73,1.0
181,120,2.02
181,71,1.0
181,133,1.11
181,101,1.48
181,142,1.93
181,150,1.0
181,50,1.66
181,36,2.04
181,1,1.0
181,33,1.0
181,34,1.74
181,85,1.55
181,6,1.07
181,122,1.61
181,97,2.19
181,25,1.0
181,132,1.13
181,59,2.06
181,123,2.32
181,111,1.64
181,136,2.19
181,70,1.17
181,66,1.45
181,8,2.04
181,74,2.07
181,87,1.46
181,17,1.53
181,75,1.53
181,61,1.0
181,90,1.79
182,116,1.59
182,115,2.55
182,107,1.64
182,13,2.06
182,37,2.09
182,18,1.44
182,149,3.18
182,6,2.12
182,48,1.0
182,130,1.0
182,17,2.2
182,63,2.2
182,114,1.4
182,101,1.0
182,35,2.35
182,52,1.0
182,92,1.22
182,42,1.53
182,126,1.72
182,117,1.6
182,10,1.64
182,39,2.12
182,81,2.93
182,120,1.28
182,133,1.14
182,62,2.06
182,123,1.25
182,32,1.37
182,12,1.59
182,38,1.49
183,149,1.86
183,39,2.66
183,102,1.0
183,120,1.65
183,30,2.26
183,11,1.54
183,83,1.53
183,100,1.41
183,123,1.75
183,131,1.47
183,137,1.53
183,117,1.46
183,2,1.61
183,12,1.66
183,150,2.43
183,110,1.72
183,93,1.62
183,135,1.72
183,6,2.16
183,113,1.23
183,97,1.09
183,127,1.26
183,116,1.33
183,72,1.0
183,10,1.05
183,136,1.83
183,107,2.24
184,22,1.0
184,10,3.1
184,109,1.74
184,132,1.13
184,103,2.93
184,146,1.51
184,106,1.05
184,48,1.69
184,41,1.0
184,100,1.0
184,102,1.62
184,78,1.77
184,79,1.17
184,64,3.73
184,60,2.94
184,95,2.04
184,114,1.0
184,119,3.39
184,52,1.0
184,124,2.99
184,51,1.38
184,144,1.0
184,137,1.09
184,17,1.57
184,116,2.51
184,74,3.23
184,5,1.55
184,7,1.06
184,47,1.04
184,98,1.29
184,107,1.27
184,94,1.0
184,67,1.97
184,53,1.18
184,136,1.36
184,73,1.78
184,134,1.06
184,61,1.69
184,82,2.59
185,118,4.12
185,81,1.44
185,104,1.75
185,103,1.85
185,45,1.0
185,15,1.5
185,86,2.7
185,131,1.45
185,40,1.02
185,88,2.3
185,63,1.98
185,116,2.44
185,144,1.29
185,62,2.33
185,8,2.22
185,20,2.89
185,19,2.03
185,66,2.53
185,68,1.68
185,139,1.0
185,46,2.32
185,61,1.0
185,111,1.0
185,129,1.2
185,55,2.71
185,100,1.26
185,99,1.79
185,51,3.04
186,35,1.53
186,30,2.18
186,80,1.53
186,16,1.54
186,87,1.38
186,141,1.68
186,75,1.51
186,143,2.27
186,136,1.24
186,119,1.36
186,92,1.27
186,133,1.61
186,84,1.83
186,139,2.53
186,74,1.0
186,56,2.01
186,47,1.59
186,116,2.61
186,96,1.49
186,63,2.05
186,132,1.85
186,77,1.38
186,2,1.61
186,104,1.25
186,9,1.0
186,70,1.22
186,29,2.27
186,33,1.63
186,146,1.63
186,17,1.51
186,114,1.83
186,140,2.12
186,115,1.7
186,45,1.48
186,125,1.89
186,69,1.28
186,98,2.24
186,53,1.22
186,51,1.34
186,68,2.78
186,24,2.2
186,1,1.51
186,11,2.25
186,85,1.71
186,78,1.93
186,21,2.11
186,34,1.2
186,3,2.8
186,91,1.76
186,42,1.97
186,108,1.85
186,95,3.15
186,54,2.09
186,46,1.8
186,50,1.27
186,142,1.72
186,25,2.23
186,41,1.87
186,123,2.31
186,135,2.34
186,72,1.69
186,89,1.52
186,8,1.27
186,122,2.37
186,97,2.48
186,73,1.79
186,44,1.0
187,133,2.41
187,57,1.0
187,137,1.0
187,62,4.01
187,99,3.77
187,28,1.61
187,78,2.99
187,49,3.37
187,1,2.49
187,68,3.97
187,26,1.83
187,139,2.41
187,116,1.88
187,102,1.76
187,37,1.57
187,30,1.7
187,82,1.95
187,14,1.73
187,2,3.02
187,13,2.63
187,150,1.04
187,33,2.01
187,46,2.32
187,115,1.37
187,85,3.5
187,89,3.13
187,136,1.5
187,5,2.93
187,22,1.48
187,66,1.32
187,15,1.91
187,134,2.19
187,103,2.06
188,126,2.29
188,73,2.48
188,128,1.0
188,28,1.0
188,94,1.22
188,18,2.31
188,122,1.99
188,36,1.79
188,63,1.96
188,98,1.31
188,70,2.11
188,119,1.68
188,104,3.52
188,22,2.6
188,118,1.08
188,87,1.34
188,33,1.32
188,125,1.08
188,142,2.56
188,143,2.1
188,13,1.08
188,64,1.98
188,29,2.2
188,25,2.09
188,147,2.71
188,11,1.86
188,129,1.24
188,31,1.03
188,6,1.39
188,79,2.69
188,39,1.54
188,60,1.0
188,81,3.03
188,49,1.79
188,86,2.24
188,100,1.0
188,103,1.3
188,67,2.28
188,46,1.76
188,47,2.18
188,69,2.06
188,32,2.55
188,20,1.54
188,53,1.85
188,37,2.41
188,82,1.0
189,6,2.01
189,1,1.74
189,91,1.71
189,24,1.9
189,83,1.0
189,85,1.25
189,106,1.0
189,58,1.44
189,104,2.65
189,54,2.29
189,13,2.48
189,47,2.47
189,2,1.66
189,71,1.9
189,109,2.01
189,115,2.35
189,35,1.62
189,14,2.21
189,27,1.06
189,147,1.54
189,65,1.67
189,11,1.94
189,69,2.07
189,12,1.54
189,145,1.67
189,129,1.56
189,77,3.09
189,141,2.39
189,119,1.39
189,55,1.0
189,113,1.0
189,76,1.75
189,79,2.28
189,118,1.94
189,138,1.39
189,49,2.18
189,97,2.88
189,133,1.13
189,68,1.39
189,33,1.56
189,34,1.11
190,127,2.17
190,140,2.3
190,80,1.69
190,116,1.13
190,84,1.41
190,119,2.91
190,117,2.17
190,67,2.66
190,122,2.0
190,131,2.63
190,99,1.9
190,68,2.03
190,129,2.46
190,71,1.41
190,88,1.0
190,106,1.88
190,107,1.76
190,48,1.0
190,46,2.38
190,133,1.88
190,62,1.64
190,138,2.19
190,30,1.85
190,115,2.0
190,9,1.08
190,22,2.13
190,141,1.78
190,79,1.42
190,43,1.87
190,72,2.04
190,87,1.76
190,54,2.29
190,60,1.62
190,83,1.0
190,97,1.57
190,61,1.94
190,149,1.59
190,6,1.0
190,92,2.03
190,136,2.78
190,8,1.62
190,27,1.63
190,96,1.04
190,121,1.4
190,13,1.0
190,42,1.0
190,34,1.2
191,119,1.56
191,129,2.33
191,148,1.57
191,112,1.82
191,88,1.03
191,123,1.16
191,87,1.05
191,69,2.05
191,6,2.36
191,99,1.78
191,136,1.0
191,106,1.38
191,65,1.89
191,94,1.36
191,116,2.05
191,76,1.77
191,57,1.88
191,63,1.43
191,138,1.3
191,26,1.43
191,131,2.39
191,30,1.03
191,147,1.76
191,71,2.67
191,111,1.78
191,118,1.4
191,120,1.35
191,7,1.0
191,43,1.24
191,35,3.22
191,107,1.49
191,104,2.72
191,47,1.89
191,121,1.84
191,48,1.48
191,53,2.51
191,64,1.8
191,113,1.0
191,3,1.57
191,140,1.46
191,102,1.26
192,121,1.6
192,139,1.68
192,74,1.33
192,19,1.0
192,8,2.35
192,31,1.0
192,127,1.5
192,86,3.42
192,22,1.56
192,21,1.16
192,134,1.2
192,76,1.1
192,29,1.97
192,135,1.31
192,109,1.15
192,71,1.43
192,69,1.61
192,100,1.22
192,51,2.42
192,150,2.14
192,120,1.18
192,93,1.2
192,103,1.0
192,3,1.68
192,6,1.8
192,35,1.94
192,75,2.35
192,50,2.08
192,39,1.93
192,118,3.13
192,26,1.22
192,66,2.42
192,20,2.77
192,149,2.09
192,115,1.24
192,88,2.01
192,58,2.52
192,148,1.0
192,131,2.02
192,126,1.24
192,30,1.41
192,45,1.24
192,15,2.08
192,133,1.37
192,145,3.18
192,38,1.62
192,48,1.07
192,122,1.66
192,95,1.0
192,119,1.0
192,65,1.51
192,130,2.93
192,106,2.05
192,27,1.0
192,108,1.59
192,94,1.76
192,46,3.03
192,49,2.75
192,147,1.82
192,34,1.0
192,124,1.0
192,77,1.59
192,129,1.43
192,146,1.14
192,143,1.63
192,128,2.72
192,59,1.9
193,67,2.53
193,112,1.0
193,44,1.7
193,115,1.0
193,113,1.0
193,114,1.4
193,107,1.34
193,127,2.71
193,149,1.15
193,9,1.69
193,78,1.0
193,1,1.66
193,86,1.45
193,105,2.27
193,30,1.32
193,63,1.0
193,122,2.96
193,11,1.24
193,21,1.94
193,126,1.56
193,93,1.72
193,66,1.43
193,16,1.37
193,39,2.04
193,139,1.7
193,13,2.1
193,102,1.38
193,140,2.46
193,134,1.21
193,97,1.44
193,27,1.85
193,109,1.37
193,106,2.19
193,42,1.0
193,138,3.38
193,79,1.0
193,47,2.48
193,41,1.7
193,72,2.28
193,38,1.49
193,81,1.16
193,45,1.91
193,17,1.16
193,57,1.4
193,62,1.82
193,61,1.13
193,116,1.14
193,74,1.02
194,5,1.55
194,47,1.84
194,14,1.13
194,60,1.89
194,127,1.84
194,59,1.69
194,63,1.87
194,42,1.06
194,67,1.37
194,117,1.7
194,122,1.67
194,64,2.43
194,33,1.43
194,148,1.8
194,50,1.77
194,57,1.0
194,68,1.93
194,54,1.88
194,138,1.11
194,13,1.46
194,38,2.14
194,37,2.61
194,144,1.52
194,104,1.38
194,137,1.23
194,125,1.95
194,93,1.0
194,82,1.7
194,77,2.05
194,102,2.44
194,103,2.75
194,89,1.56
194,70,1.0
194,99,2.56
194,21,1.88
194,83,2.22
194,79,1.45
195,38,1.39
195,142,2.12
195,66,2.32
195,24,1.51
195,33,1.48
195,99,1.58
195,147,1.43
195,84,1.37
195,47,2.0
195,127,1.0
195,17,1.33
195,86,3.16
195,1,1.0
195,141,2.03
195,145,2.31
195,69,1.0
195,107,2.11
195,12,1.69
195,100,1.12
195,81,1.5
195,98,1.4
195,36,1.18
195,40,1.09
195,61,1.36
195,113,1.0
195,124,1.0
195,58,2.74
195,88,2.75
195,70,2.39
195,46,3.68
195,118,2.97
195,8,2.89
195,51,2.77
195,95,1.16
195,116,1.0
195,130,2.64
195,122,1.54
195,89,1.32
195,52,2.04
195,54,2.08
195,94,1.13
195,28,1.0
195,2,1.39
195,68,1.46
195,123,2.36
195,111,2.28
195,149,1.02
195,96,2.01
195,32,1.57
195,97,1.0
195,92,2.4
195,71,2.85
195,90,1.08
195,4,1.37
195,37,1.0
196,52,2.43
196,35,1.85
196,93,2.35
196,142,2.74
196,47,2.2
196,53,2.93
196,70,1.79
196,104,2.5
196,58,1.38
196,63,2.26
196,105,1.8
196,147,2.14
196,89,1.14
196,122,2.4
196,29,1.34
196,126,1.88
196,14,2.62
196,6,2.8
196,7,1.0
196,102,1.44
196,113,1.0
196,54,1.36
196,135,1.09
196,50,1.77
196,118,1.41
196,71,3.04
196,15,1.98
196,48,1.03
196,148,2.25
196,107,2.45
196,141,3.78
196,27,2.12
196,145,1.0
196,77,1.95
196,111,2.55
196,11,1.0
196,46,1.0
196,97,1.73
196,140,1.0
196,9,2.71
196,5,1.93
196,90,1.13
196,91,3.0
196,32,1.2
196,92,2.55
196,87,1.0
196,49,1.48
196,21,2.45
196,17,1.2
196,127,1.22
196,130,1.92
196,30,1.41
196,66,1.83
196,82,2.03
196,18,1.53
196,129,2.28
196,61,1.41
196,131,1.33
196,116,1.41
196,38,1.5
196,108,1.02
196,112,1.16
196,40,1.0
196,31,1.18
197,135,1.92
197,116,1.74
197,97,1.22
197,46,1.42
197,78,1.9
197,35,1.45
197,117,1.69
197,34,1.0
197,44,1.76
197,140,3.27
197,80,1.51
197,95,1.6
197,146,1.78
197,36,1.47
197,106,1.58
197,123,1.68
197,57,1.7
197,54,1.0
197,139,1.46
197,18,1.89
197,26,1.34
197,72,1.53
197,127,2.57
197,77,2.37
197,48,1.64
197,73,1.57
197,76,1.66
197,118,2.11
197,136,2.25
197,51,2.36
198,62,1.21
198,14,1.95
198,106,2.67
198,77,1.16
198,129,1.11
198,76,1.6
198,148,1.22
198,32,3.12
198,120,2.8
198,63,3.19
198,58,2.92
198,118,1.63
198,146,3.13
198,50,2.66
198,73,3.36
198,29,2.7
198,95,1.73
198,59,3.04
198,31,1.0
198,7,1.0
198,143,2.82
198,15,1.56
198,25,3.75
198,70,1.01
198,26,1.66
198,119,1.33
198,30,2.04
198,41,1.18
198,104,3.28
198,24,3.48
198,111,1.46
199,148,2.41
199,39,1.94
199,78,2.31
199,136,2.07
199,107,1.8
199,53,1.41
199,127,2.45
199,91,1.26
199,114,2.43
199,150,1.0
199,80,1.38
199,27,1.0
199,100,1.62
199,103,1.77
199,70,1.0
199,92,1.89
199,83,2.58
199,143,1.71
199,67,1.85
199,90,1.0
199,89,1.14
199,9,2.64
199,111,2.27
199,77,2.05
199,137,1.95
199,124,3.09
199,140,2.03
199,69,2.26
199,134,1.17
199,138,2.2
199,94,1.03
199,22,1.59
199,66,1.0
200,148,2.07
200,31,1.84
200,121,1.69
200,46,2.67
200,9,2.59
200,150,1.53
200,16,1.17
200,129,1.51
200,63,2.11
200,85,1.09
200,149,2.21
200,72,1.75
200,13,1.12
200,104,1.25
200,108,1.32
200,32,2.08
200,80,2.21
200,54,2.42
200,138,1.56
200,37,1.82
200,143,2.49
200,57,1.46
200,133,1.45
200,70,1.28
200,22,2.95
200,38,2.33
200,122,1.16
200,45,1.69
200,62,1.77
200,21,1.7
200,40,1.78
200,119,1.99
200,107,1.64
200,59,2.51
200,68,1.76
200,136,1.94
200,110,1.21
200,36,1.76
200,64,1.08
200,79,2.68
200,18,2.43
200,87,1.5
200,84,1.48
200,26,2.43
200,73,2.09
200,19,1.46
200,106,1.42
200,115,1.77
200,101,1.2
200,61,1.71
200,28,1.09
200,131,1.7
200,65,1.0
200,127,3.04
200,98,1.0
200,86,2.15
200,97,2.2
200,15,2.23
200,17,1.73
200,114,1.77
200,145,1.78
200,81,3.14
200,7,1.97
200,8,1.53
200,76,1.46
200,99,2.34
200,25,1.31
